league,season,team,player,league_id,season_id,team_id,player_id,position,matches,minutes,goals,xg,np_goals,np_xg,assists,xa,shots,key_passes,yellow_cards,red_cards,xg_chain,xg_buildup
GER-Bundesliga,2526,Augsburg,Aiman Dardari,3,2025,121,13981,S,3,21,0,0.05606662854552269,0,0.05606662854552269,0,0.0,1,0,1,0,0.05606662854552269,0.0
GER-Bundesliga,2526,Augsburg,Alexis Claude Maurice,3,2025,121,5752,F M S,20,1467,3,4.04233636893332,2,3.2845597062259912,4,2.2650800980627537,49,21,3,0,7.181927962228656,3.3476332100108266
GER-Bundesliga,2526,Augsburg,Anton Kade,3,2025,121,10288,D F M S,17,1009,2,2.7275722231715918,2,2.7275722231715918,0,1.418532907962799,21,15,3,0,4.630726084113121,1.0704953223466873
GER-Bundesliga,2526,Augsburg,Arne Maier,3,2025,121,5298,S,1,1,0,0.0,0,0.0,0,0.0,0,0,0,0,0.0,0.0
GER-Bundesliga,2526,Augsburg,Arthur Chaves,3,2025,121,13101,D S,7,462,1,0.20491288974881172,1,0.20491288974881172,0,0.11398930940777063,3,3,1,0,0.9511732943356037,0.8238789141178131
GER-Bundesliga,2526,Augsburg,Chrislain Matsima,3,2025,121,8643,D,14,1260,1,0.5306734442710876,1,0.5306734442710876,1,0.5844853427261114,6,4,5,0,2.1105283880606294,2.0164342606440187
GER-Bundesliga,2526,Augsburg,Cédric Zesiger,3,2025,121,11850,D S,17,898,0,0.6333467923104763,0,0.6333467923104763,0,0.24887346476316452,7,3,2,0,2.818826688453555,2.5774850975722075
GER-Bundesliga,2526,Augsburg,Dimitris Giannoulis,3,2025,121,9745,D S,18,1266,2,0.5891189090907574,2,0.5891189090907574,3,2.4652031678706408,7,22,5,0,3.6735095204785466,1.240327725186944
GER-Bundesliga,2526,Augsburg,Elias Saad,3,2025,121,12980,F M S,10,518,0,0.37165308371186256,0,0.37165308371186256,0,0.6210179030895233,6,12,1,0,1.412656469270587,0.5558570027351379
GER-Bundesliga,2526,Augsburg,Elvis Rexhbecaj,3,2025,121,6445,D M S,20,964,2,0.523274626582861,2,0.523274626582861,0,0.7069284673780203,10,9,3,0,1.8585716094821692,0.7254577931016684
GER-Bundesliga,2526,Augsburg,Fabian Rieder,3,2025,121,12038,F M S,21,1397,3,2.5733275562524796,2,1.815550897270441,2,2.1173593876883388,26,17,2,0,5.123925697058439,2.3060120046138763
GER-Bundesliga,2526,Augsburg,Finn Dahmen,3,2025,121,6596,GK,23,2070,0,0.0,0,0.0,0,0.2268968354910612,0,3,1,0,3.0455634389072657,2.8186665773391724
GER-Bundesliga,2526,Augsburg,Han-Noah Massengo,3,2025,121,7264,M S,23,1886,2,1.5277265030890703,2,1.5277265030890703,1,1.5851978715509176,15,15,1,0,7.896159818395972,4.9832567144185305
GER-Bundesliga,2526,Augsburg,Ismaël Gharbi,3,2025,121,9766,S,5,70,0,0.22596237063407898,0,0.22596237063407898,0,0.03212403133511543,3,1,0,0,0.1278797946870327,0.060474079102277756
GER-Bundesliga,2526,Augsburg,Jeffrey Gouweleeuw,3,2025,121,2665,D S,5,364,0,0.10657917894423008,0,0.10657917894423008,0,0.15101958625018597,2,2,2,0,0.3490478117018938,0.3490478117018938
GER-Bundesliga,2526,Augsburg,Keven Schlotterbeck,3,2025,121,7401,D S,18,1563,0,0.47259655222296715,0,0.47259655222296715,1,0.9451890103518963,10,11,4,1,4.410470623522997,4.137981617823243
GER-Bundesliga,2526,Augsburg,Kristijan Jakic,3,2025,121,9986,D M S,18,1264,1,0.5516607752069831,1,0.5516607752069831,1,1.2415047977119684,13,12,4,0,3.869108215905726,2.9682619580999017
GER-Bundesliga,2526,Augsburg,Mads Pedersen,3,2025,121,7809,D S,6,156,0,0.11341566778719425,0,0.11341566778719425,0,0.09671717509627342,2,3,0,0,0.8111366927623749,0.6741721704602242
GER-Bundesliga,2526,Augsburg,Marius Wolf,3,2025,121,2693,D F M S,19,628,1,1.5166842509061098,1,1.5166842509061098,0,0.6516025364398956,10,7,2,0,1.9418093785643578,0.6764521999284625
GER-Bundesliga,2526,Augsburg,Mert Kömür,3,2025,121,11604,F M S,20,1163,2,3.9007944650948048,2,3.9007944650948048,3,2.3302909079939127,33,18,1,0,6.090546570718288,1.4831573097035289
GER-Bundesliga,2526,Augsburg,Michael Gregoritsch,3,2025,121,171,F S,7,394,3,2.1770182866603136,2,1.4192416090518236,0,0.060972534120082855,11,1,2,0,1.3151921182870865,0.5144857168197632
GER-Bundesliga,2526,Augsburg,Noahkai Banks,3,2025,121,13149,D S,19,1490,1,1.1613576030358672,1,1.1613576030358672,0,0.16783225443214178,7,5,6,0,3.437884577549994,3.174520080909133
GER-Bundesliga,2526,Augsburg,Phillip Tietz,3,2025,121,11845,F S,18,862,2,5.0740888230502605,2,4.316312085837126,1,0.4620841210708022,26,8,3,0,5.8045371025800705,1.8239065278321505
GER-Bundesliga,2526,Augsburg,Robin Fellhauer,3,2025,121,13865,D M S,23,1903,1,1.0629137549549341,1,1.0629137549549341,1,1.3449342846870422,20,18,2,0,5.011437214910984,3.0321820974349976
GER-Bundesliga,2526,Augsburg,Rodrigo Ribeiro,3,2025,121,12418,F S,3,145,1,1.1120488196611404,1,1.1120488196611404,0,0.026682153344154358,7,1,1,0,1.7661080658435822,0.743400439620018
GER-Bundesliga,2526,Augsburg,Samuel Essende,3,2025,121,12922,F S,14,361,1,1.4566263109445572,1,1.4566263109445572,0,0.4276743633672595,17,4,2,0,1.6914420491084456,0.13694370351731777
GER-Bundesliga,2526,Augsburg,Uchenna Ogundu,3,2025,121,14455,S,1,6,0,0.0,0,0.0,0,0.0,0,0,0,0,0.0,0.0
GER-Bundesliga,2526,Augsburg,Yannik Keitel,3,2025,121,8206,D S,3,125,0,0.0,0,0.0,0,0.0,0,0,1,0,0.44554010033607483,0.44554010033607483
GER-Bundesliga,2526,Bayer Leverkusen,Aleix García,3,2025,119,1055,M S,22,1864,1,1.7137146163731813,1,1.7137146163731813,5,3.717742618173361,20,31,3,0,13.201329237781465,11.42907656636089
GER-Bundesliga,2526,Bayer Leverkusen,Alejo Sarco,3,2025,119,13505,S,5,106,0,0.35923727229237556,0,0.35923727229237556,0,0.25054374895989895,3,2,0,0,0.8486710991710424,0.2895685136318207
GER-Bundesliga,2526,Bayer Leverkusen,Arthur,3,2025,119,11868,D S,15,1006,1,1.1891322792507708,1,1.1891322792507708,3,1.0827199164777994,10,11,2,0,6.28209662437439,5.07703934982419
GER-Bundesliga,2526,Bayer Leverkusen,Axel Tape,3,2025,119,13215,D S,5,177,0,0.12020363658666611,0,0.12020363658666611,0,0.0,2,0,1,0,0.692778505384922,0.5725748687982559
GER-Bundesliga,2526,Bayer Leverkusen,Ben Seghir,3,2025,119,10771,M S,7,186,0,0.0776483565568924,0,0.0776483565568924,0,1.2067486643791199,4,5,2,0,1.4110177885740995,0.23026195913553238
GER-Bundesliga,2526,Bayer Leverkusen,Christian Kofane,3,2025,119,13856,F M S,19,765,3,4.835176460444927,3,4.835176460444927,1,0.592691658064723,26,10,3,0,6.216425519436598,1.578556440770626
GER-Bundesliga,2526,Bayer Leverkusen,Claudio Echeverri,3,2025,119,13649,M S,6,112,0,0.11350106447935104,0,0.11350106447935104,0,0.04052872955799103,1,1,0,0,0.2705470249056816,0.15704596042633057
GER-Bundesliga,2526,Bayer Leverkusen,Edmond Tapsoba,3,2025,119,8317,D,18,1589,4,2.7391838328912854,4,2.7391838328912854,2,0.9179273508489132,19,7,3,0,8.379076287150383,7.438670347444713
GER-Bundesliga,2526,Bayer Leverkusen,Ernest Poku,3,2025,119,13857,D M S,20,1143,5,3.421281225979328,5,3.421281225979328,4,2.29408223554492,23,21,0,0,8.373363271355629,3.0999652557075024
GER-Bundesliga,2526,Bayer Leverkusen,Exequiel Palacios,3,2025,119,8325,M S,6,174,0,0.1367870680987835,0,0.1367870680987835,0,0.04965495318174362,3,2,1,0,0.7277452200651169,0.5733933448791504
GER-Bundesliga,2526,Bayer Leverkusen,Ezequiél Fernández,3,2025,119,14008,M S,12,676,0,0.3325694929808378,0,0.3325694929808378,0,0.6245741136372089,7,5,1,1,5.495513692498207,5.12821357883513
GER-Bundesliga,2526,Bayer Leverkusen,Ibrahim Maza,3,2025,119,11484,M S,16,932,2,2.31283812969923,2,2.31283812969923,2,2.368396908044815,24,10,1,0,8.662955105304718,5.230780437588692
GER-Bundesliga,2526,Bayer Leverkusen,Janis Blaswich,3,2025,119,4313,GK S,6,478,0,0.0,0,0.0,0,0.0,0,0,0,0,0.5297129414975643,0.5297129414975643
GER-Bundesliga,2526,Bayer Leverkusen,Jarell Quansah,3,2025,119,10187,D S,18,1423,2,1.0680521354079247,2,1.0680521354079247,0,0.5625710226595402,6,7,6,0,6.6129046361893415,5.96305456571281
GER-Bundesliga,2526,Bayer Leverkusen,Jeanuël Belocian,3,2025,119,10300,D S,11,556,0,0.4021025225520134,0,0.4021025225520134,1,0.4648522362112999,3,4,1,0,2.2950143329799175,1.5446521528065205
GER-Bundesliga,2526,Bayer Leverkusen,Jonas Hofmann,3,2025,119,320,D M S,19,888,2,2.1369271278381348,2,2.1369271278381348,2,2.038105733692646,20,13,2,0,8.512899588793516,5.222089894115925
GER-Bundesliga,2526,Bayer Leverkusen,Loic Bade,3,2025,119,8665,D S,19,1382,0,0.9232862805947661,0,0.9232862805947661,0,0.13785948604345322,9,2,5,0,7.993081346154213,7.930074080824852
GER-Bundesliga,2526,Bayer Leverkusen,Lucas Vázquez,3,2025,119,2253,D S,9,398,1,0.8392858803272247,1,0.8392858803272247,2,1.9711537007242441,3,8,2,0,4.848973982036114,2.1554136499762535
GER-Bundesliga,2526,Bayer Leverkusen,Malik Tillman,3,2025,119,9860,M S,18,1350,4,3.0209284499287605,4,3.0209284499287605,1,2.9752110093832016,25,23,1,0,8.752640552818775,3.861290343105793
GER-Bundesliga,2526,Bayer Leverkusen,Mark Flekken,3,2025,119,7047,GK,17,1502,0,0.0,0,0.0,0,0.07206714153289795,0,1,1,0,3.433258520439267,3.361191378906369
GER-Bundesliga,2526,Bayer Leverkusen,Martin Terrier,3,2025,119,5611,F M S,13,432,3,1.9716667421162128,3,1.9716667421162128,0,0.8693425692617893,12,7,1,0,4.096405368298292,1.8165153861045837
GER-Bundesliga,2526,Bayer Leverkusen,Montrell Culbreath,3,2025,119,14126,S,1,11,1,0.5845470428466797,1,0.5845470428466797,0,0.06724710762500763,1,1,0,0,0.7683230042457581,0.11652883887290955
GER-Bundesliga,2526,Bayer Leverkusen,Nathan Tella,3,2025,119,8456,D M S,10,457,0,1.0251940991729498,0,1.0251940991729498,2,1.5962133891880512,8,11,2,0,3.0434862449765205,0.5327712595462799
GER-Bundesliga,2526,Bayer Leverkusen,Patrik Schick,3,2025,119,1236,F S,18,1237,7,9.753145601600409,5,8.237592231482267,2,1.5706447903066874,36,5,1,0,9.446830920875072,2.033428410999477
GER-Bundesliga,2526,Bayer Leverkusen,Piero Hincapié,3,2025,119,9911,D,1,90,0,0.5172572731971741,0,0.5172572731971741,0,0.0,2,0,0,0,0.11583748459815979,0.056226696819067
GER-Bundesliga,2526,Bayer Leverkusen,Robert Andrich,3,2025,119,7877,D M S,21,1588,1,0.5138549096882343,1,0.5138549096882343,0,0.31891004648059607,5,7,2,1,9.038674645125866,8.847194768488407
GER-Bundesliga,2526,Bayer Leverkusen,Álex Grimaldo,3,2025,119,11866,D,18,1549,5,4.212471025064588,3,2.6969177592545748,4,4.403433155268431,35,35,4,0,11.732199311256409,8.545130103826523
GER-Bundesliga,2526,Bayern Munich,Aleksandar Pavlovic,3,2025,117,11547,M S,19,1165,3,1.4776572212576866,3,1.4776572212576866,1,1.5991314332932234,9,16,2,0,13.10631861537695,11.549511067569256
GER-Bundesliga,2526,Bayern Munich,Alphonso Davies,3,2025,117,7345,D S,8,354,0,0.10381900519132614,0,0.10381900519132614,1,0.25392164662480354,2,4,1,0,3.30828352086246,3.1293214708566666
GER-Bundesliga,2526,Bayern Munich,Cassiano Kiala,3,2025,117,14071,S,1,1,0,0.0,0,0.0,0,0.0,0,0,0,0,0.4981572926044464,0.4981572926044464
GER-Bundesliga,2526,Bayern Munich,David Santos,3,2025,117,14130,S,1,17,0,0.0,0,0.0,0,0.0,0,0,0,0,1.1598855257034302,1.1598855257034302
GER-Bundesliga,2526,Bayern Munich,Dayotchanculle Upamecano,3,2025,117,5243,D S,18,1370,1,0.7822897434234619,1,0.7822897434234619,1,1.0368500724434853,7,8,3,0,9.853522010147572,9.449698768556118
GER-Bundesliga,2526,Bayern Munich,Felipe Chávez,3,2025,117,14267,S,3,7,0,0.016718551516532898,0,0.016718551516532898,0,0.11142665147781372,1,1,0,0,0.18986248597502708,0.1731439344584942
GER-Bundesliga,2526,Bayern Munich,Harry Kane,3,2025,117,647,F M S,23,1878,28,23.18966494500637,19,16.369674541056156,5,5.994267860427499,93,31,1,0,27.585038661956787,8.785946264863014
GER-Bundesliga,2526,Bayern Munich,Hiroki Ito,3,2025,117,9715,D S,10,475,1,1.4641361720860004,1,1.4641361720860004,2,0.598396485671401,9,4,0,0,2.474739149212837,1.6707735359668732
GER-Bundesliga,2526,Bayern Munich,Jamal Musiala,3,2025,117,8418,M S,6,167,0,0.8091710284352303,0,0.8091710284352303,2,0.4051453173160553,9,6,1,0,2.2144649624824524,1.000148594379425
GER-Bundesliga,2526,Bayern Munich,Jonah Kusi-Asare,3,2025,117,13262,S,1,1,0,0.0,0,0.0,0,0.0,0,0,0,0,0.0,0.0
GER-Bundesliga,2526,Bayern Munich,Jonas Urbig,3,2025,117,9861,GK S,6,490,0,0.0,0,0.0,0,0.0,0,0,0,0,1.973040908575058,1.973040908575058
GER-Bundesliga,2526,Bayern Munich,Jonathan Tah,3,2025,117,183,D S,20,1589,2,0.6638064542785287,2,0.6638064542785287,1,0.5882400423288345,8,5,4,0,9.171746760606766,8.776096269488335
GER-Bundesliga,2526,Bayern Munich,Joshua Kimmich,3,2025,117,223,M S,19,1455,1,1.8991702776402235,1,1.8991702776402235,6,5.378947254270315,17,36,3,0,17.906227469444275,13.475376218557358
GER-Bundesliga,2526,Bayern Munich,Josip Stanisic,3,2025,117,9458,D S,15,1126,2,0.9899783842265606,2,0.9899783842265606,3,1.7818419355899096,5,12,1,0,10.038258858025074,9.49463426321745
GER-Bundesliga,2526,Bayern Munich,Kim Min-Jae,3,2025,117,10986,D S,15,959,1,0.5455472841858864,1,0.5455472841858864,1,0.3288537859916687,2,1,1,0,7.7805591225624084,7.45170534402132
GER-Bundesliga,2526,Bayern Munich,Konrad Laimer,3,2025,117,6109,D S,18,1280,2,2.1760044004768133,2,2.1760044004768133,4,3.0036170054227114,12,25,5,0,14.456793829798698,11.033228818327188
GER-Bundesliga,2526,Bayern Munich,Lennart Karl,3,2025,117,13573,M S,20,886,4,5.17693954333663,4,5.17693954333663,2,1.5327150616794825,31,15,0,0,12.011604741215706,6.005749201402068
GER-Bundesliga,2526,Bayern Munich,Leon Goretzka,3,2025,117,335,M S,20,1247,2,1.1001940742135048,2,1.1001940742135048,0,1.7081422340124846,14,11,4,0,10.625754416920245,9.493924611248076
GER-Bundesliga,2526,Bayern Munich,Luis Díaz,3,2025,117,10408,M S,22,1847,13,12.067731887102127,13,12.067731887102127,10,7.445610035210848,64,52,5,0,27.557436384260654,10.468616167083383
GER-Bundesliga,2526,Bayern Munich,Manuel Neuer,3,2025,117,217,GK,18,1580,0,0.0,0,0.0,0,0.0,0,0,0,0,6.448836579918861,6.448836579918861
GER-Bundesliga,2526,Bayern Munich,Michael Olise,3,2025,117,9948,M S,22,1708,10,8.389118982478976,10,8.389118982478976,16,13.799577569589019,73,59,5,0,30.268197640776634,13.028520248830318
GER-Bundesliga,2526,Bayern Munich,Nicolas Jackson,3,2025,117,10048,F S,15,433,3,3.610215174034238,3,3.610215174034238,0,0.9465228263288736,14,10,0,0,4.929984636604786,0.8487337427213788
GER-Bundesliga,2526,Bayern Munich,Raphael Guerreiro,3,2025,117,3455,M S,11,419,3,1.8377615213394165,3,1.8377615213394165,2,1.3369814977049828,6,11,0,0,4.648583918809891,2.1957466155290604
GER-Bundesliga,2526,Bayern Munich,Sacha Boey,3,2025,117,7511,D S,9,458,0,0.39243242517113686,0,0.39243242517113686,0,0.1832207404077053,6,4,1,0,2.850109562277794,2.335632123053074
GER-Bundesliga,2526,Bayern Munich,Serge Gnabry,3,2025,117,993,M S,18,1056,6,5.16421727463603,6,5.16421727463603,5,4.228637865744531,38,18,1,0,13.137613371014595,6.556853532791138
GER-Bundesliga,2526,Bayern Munich,Tom Bischof,3,2025,117,10289,D M S,18,802,0,0.8629999831318855,0,0.8629999831318855,3,1.8816413469612598,19,16,2,0,7.134593706578016,4.998988542705774
GER-Bundesliga,2526,Bayern Munich,Wisdom Mike,3,2025,117,13421,S,4,18,0,0.10484713315963745,0,0.10484713315963745,0,0.0,2,0,0,0,0.35970722883939743,0.25486009567976
GER-Bundesliga,2526,Borussia Dortmund,Aaron Anselmino,3,2025,129,13460,D S,6,368,1,0.05440906062722206,1,0.05440906062722206,0,0.0,1,0,0,0,1.099787350744009,1.099787350744009
GER-Bundesliga,2526,Borussia Dortmund,Carney Chukwuemeka,3,2025,129,9356,F M S,20,626,2,2.304413612931967,2,2.304413612931967,0,0.5800747573375702,14,10,1,0,4.551490565761924,2.151603424921632
GER-Bundesliga,2526,Borussia Dortmund,Cole Campbell,3,2025,129,13131,S,1,10,0,0.1280488818883896,0,0.1280488818883896,0,0.14615820348262787,1,1,0,0,0.3452533185482025,0.07104624062776566
GER-Bundesliga,2526,Borussia Dortmund,Daniel Svensson,3,2025,129,13424,D M S,23,1778,1,1.4161215499043465,1,1.4161215499043465,1,2.5371229480952024,6,24,0,0,8.552477227523923,6.000463562086225
GER-Bundesliga,2526,Borussia Dortmund,Emre Can,3,2025,129,604,D S,8,578,3,2.363978619687259,0,0.09064858686178923,0,0.0,5,0,3,0,2.317890029400587,2.2402132116258144
GER-Bundesliga,2526,Borussia Dortmund,Fabio Silva,3,2025,129,8778,F M S,17,455,1,1.1991878990083933,1,1.1991878990083933,5,1.908367894589901,14,13,3,0,3.414043078199029,0.8230769708752632
GER-Bundesliga,2526,Borussia Dortmund,Felix Nmecha,3,2025,129,9202,M S,23,1756,2,1.919841418042779,2,1.919841418042779,3,1.6423423755913973,26,17,0,0,9.098502717912197,7.017462443560362
GER-Bundesliga,2526,Borussia Dortmund,Filippo Mané,3,2025,129,13017,D S,4,142,0,0.0,0,0.0,0,0.0,0,0,0,1,0.6807209551334381,0.6807209551334381
GER-Bundesliga,2526,Borussia Dortmund,Gregor Kobel,3,2025,129,5288,GK,23,2070,0,0.0,0,0.0,0,0.0,0,0,2,0,3.6245428137481213,3.6245428137481213
GER-Bundesliga,2526,Borussia Dortmund,Jobe Bellingham,3,2025,129,13887,M S,21,1006,0,0.627767626196146,0,0.627767626196146,1,0.43259834684431553,11,4,1,1,4.818192917853594,4.117326840758324
GER-Bundesliga,2526,Borussia Dortmund,Julian Brandt,3,2025,129,261,F M S,18,1112,6,4.301542589440942,6,4.301542589440942,2,2.723973287269473,26,20,0,0,9.069966530427337,3.587560437619686
GER-Bundesliga,2526,Borussia Dortmund,Julian Ryerson,3,2025,129,7997,D S,21,1432,0,0.5392383337020874,0,0.5392383337020874,11,6.469990607351065,8,35,5,0,8.342499865218997,6.162044486030936
GER-Bundesliga,2526,Borussia Dortmund,Karim Adeyemi,3,2025,129,10772,F M S,21,952,5,3.5312243849039078,5,3.5312243849039078,3,2.741598019376397,23,12,3,0,9.477131702005863,3.9463477544486523
GER-Bundesliga,2526,Borussia Dortmund,Luca Reggiani,3,2025,129,14420,D S,3,106,0,0.015178898349404335,0,0.015178898349404335,0,0.0,1,0,1,0,0.21773949265480042,0.20256058871746063
GER-Bundesliga,2526,Borussia Dortmund,Marcel Sabitzer,3,2025,129,5248,M S,16,1014,1,0.9916362687945366,1,0.9916362687945366,1,1.3952793776988983,16,8,2,0,3.512455850839615,1.4023063592612743
GER-Bundesliga,2526,Borussia Dortmund,Maximilian Beier,3,2025,129,8137,D F M S,21,1216,7,5.520468354225159,7,5.520468354225159,3,2.3264349373057485,30,16,2,0,10.125571528449655,2.5851753372699022
GER-Bundesliga,2526,Borussia Dortmund,Nico Schlotterbeck,3,2025,129,7485,D,17,1530,3,2.5597431985661387,3,2.5597431985661387,1,0.8246109932661057,24,7,5,0,6.433489421382546,5.584606746211648
GER-Bundesliga,2526,Borussia Dortmund,Niklas Süle,3,2025,129,75,D S,8,443,0,0.03355417028069496,0,0.03355417028069496,1,0.2960160970687866,2,2,3,0,2.3257176280021667,2.232322722673416
GER-Bundesliga,2526,Borussia Dortmund,Pascal Groß,3,2025,129,239,M S,11,619,0,0.8347828388214111,0,0.8347828388214111,1,1.3404343351721764,8,11,0,0,4.495197154581547,3.2702609561383724
GER-Bundesliga,2526,Borussia Dortmund,Ramy Bensebaini,3,2025,129,3349,D S,14,1035,2,0.9881792040541768,2,0.9881792040541768,0,0.23229102790355682,9,6,4,0,5.043954245746136,4.943305645138025
GER-Bundesliga,2526,Borussia Dortmund,Salih Özcan,3,2025,129,5294,S,7,19,0,0.1352226883172989,0,0.1352226883172989,0,0.0,1,0,0,0,0.6293506138026714,0.49412792548537254
GER-Bundesliga,2526,Borussia Dortmund,Serhou Guirassy,3,2025,129,3738,F S,22,1734,11,12.440965201705694,10,10.167635168880224,1,1.6141925025731325,57,15,2,0,12.030402831733227,2.736947411671281
GER-Bundesliga,2526,Borussia Dortmund,Waldemar Anton,3,2025,129,106,D,21,1890,2,1.2234948333352804,2,1.2234948333352804,0,0.20181455928832293,12,6,3,0,6.68242028541863,6.449253344908357
GER-Bundesliga,2526,Borussia Dortmund,Yan Couto,3,2025,129,10946,D M S,14,866,1,0.498417966067791,1,0.498417966067791,2,2.7595266737043858,7,16,4,0,5.620895240455866,3.681862261146307
GER-Bundesliga,2526,Borussia M.Gladbach,Charles Herrmann,3,2025,130,13621,S,1,1,0,0.0,0,0.0,1,0.37863999605178833,0,1,0,0,0.0,0.0
GER-Bundesliga,2526,Borussia M.Gladbach,Fabio Chiarodia,3,2025,130,11073,D S,8,373,0,0.030683506280183792,0,0.030683506280183792,0,0.0,2,0,0,0,1.4691033121198416,1.438419807702303
GER-Bundesliga,2526,Borussia M.Gladbach,Florian Neuhaus,3,2025,130,7065,F M S,15,907,0,1.018887719605118,0,1.018887719605118,1,0.917197622358799,21,7,0,0,4.297209437936544,3.2098748423159122
GER-Bundesliga,2526,Borussia M.Gladbach,Franck Honorat,3,2025,130,3314,F M S,17,1316,0,0.7091672383248806,0,0.7091672383248806,5,5.191320400685072,13,32,0,0,6.7967776246368885,2.4974017962813377
GER-Bundesliga,2526,Borussia M.Gladbach,Giovanni Reyna,3,2025,130,8191,M S,13,384,0,0.23864140175282955,0,0.23864140175282955,0,0.724905208684504,5,6,1,0,1.977822589688003,1.1667945869266987
GER-Bundesliga,2526,Borussia M.Gladbach,Grant-Leon Ranos,3,2025,130,11847,S,8,89,1,0.5348599851131439,1,0.5348599851131439,0,0.08121008425951004,4,1,1,0,0.5956991165876389,0.057218391448259354
GER-Bundesliga,2526,Borussia M.Gladbach,Haris Tabakovic,3,2025,130,13013,F S,22,1656,11,11.602308943867683,11,10.086755529046059,2,1.277291039004922,48,10,0,0,8.222014157101512,1.3541424218565226
GER-Bundesliga,2526,Borussia M.Gladbach,Hugo Bolin,3,2025,130,14428,M S,3,91,0,0.08882727473974228,0,0.08882727473974228,0,0.15849784016609192,2,2,0,0,0.703143797814846,0.48174142837524414
GER-Bundesliga,2526,Borussia M.Gladbach,Jan Urbich,3,2025,130,14121,S,3,28,0,0.0,0,0.0,0,0.027196358889341354,0,1,0,0,0.13196995854377747,0.10477359592914581
GER-Bundesliga,2526,Borussia M.Gladbach,Jens Castrop,3,2025,130,13919,D M S,18,969,1,2.0829410701990128,1,2.0829410701990128,0,1.0208190381526947,15,10,1,1,5.042723063379526,2.9446572307497263
GER-Bundesliga,2526,Borussia M.Gladbach,Joe Scally,3,2025,130,9674,D S,21,1642,1,2.498599768616259,1,2.498599768616259,2,0.9099041987210512,13,8,5,0,6.759453426115215,4.691445702686906
GER-Bundesliga,2526,Borussia M.Gladbach,Kevin Diks,3,2025,130,1427,D S,20,1687,3,2.9693579506129026,0,0.6960278823971748,0,0.5047725439071655,14,4,5,0,5.659638907760382,4.976999208331108
GER-Bundesliga,2526,Borussia M.Gladbach,Kevin Stöger,3,2025,130,7058,M S,18,675,0,1.5603513345122337,0,0.8025746569037437,1,1.3522737128660083,11,18,1,0,3.3188438806682825,2.145853281021118
GER-Bundesliga,2526,Borussia M.Gladbach,Kota Takai,3,2025,130,14279,D S,6,326,0,0.4108753725886345,0,0.4108753725886345,0,0.03324531391263008,3,2,1,0,1.190738558769226,0.8015755638480186
GER-Bundesliga,2526,Borussia M.Gladbach,Luca Netz,3,2025,130,8401,D S,15,937,0,0.03837163746356964,0,0.03837163746356964,2,2.4323443844914436,2,10,1,0,3.8024985706433654,3.305356069467962
GER-Bundesliga,2526,Borussia M.Gladbach,Lukas Ullrich,3,2025,130,11991,D M S,16,1065,0,0.34624816104769707,0,0.34624816104769707,0,0.8623805642127991,7,13,2,0,4.124884761869907,3.2559778690338135
GER-Bundesliga,2526,Borussia M.Gladbach,Marvin Friedrich,3,2025,130,370,D S,5,143,0,0.0,0,0.0,0,0.0,0,0,0,0,0.1576896496117115,0.1576896496117115
GER-Bundesliga,2526,Borussia M.Gladbach,Moritz Nicolas,3,2025,130,6321,GK,23,2070,0,0.0,0,0.0,0,0.3480205573141575,0,2,0,0,3.628006273880601,3.2799857202917337
GER-Bundesliga,2526,Borussia M.Gladbach,Nico Elvedi,3,2025,130,212,D,23,2070,0,0.2483602100983262,0,0.2483602100983262,0,0.20058146305382252,6,6,2,0,5.471739983186126,5.232963612303138
GER-Bundesliga,2526,Borussia M.Gladbach,Oscar Fraulo,3,2025,130,10728,S,4,30,1,0.7350285053253174,1,0.7350285053253174,0,0.0,1,0,0,0,0.8669984638690948,0.13196995854377747
GER-Bundesliga,2526,Borussia M.Gladbach,Philipp Sander,3,2025,130,12915,D M S,19,1488,1,0.6714221434667706,1,0.6714221434667706,0,0.39608350582420826,17,6,1,0,5.690943915396929,5.299149367958307
GER-Bundesliga,2526,Borussia M.Gladbach,Robin Hack,3,2025,130,6351,M S,4,247,0,0.4066634960472584,0,0.4066634960472584,0,0.7818083986639977,8,10,0,0,1.0721221566200256,0.20326076820492744
GER-Bundesliga,2526,Borussia M.Gladbach,Rocco Reitz,3,2025,130,8826,M,22,1910,0,1.7422041790559888,0,1.7422041790559888,2,2.2189277978613973,32,21,5,0,8.312935480847955,5.622910926118493
GER-Bundesliga,2526,Borussia M.Gladbach,Shuto Machino,3,2025,130,12934,F M S,22,797,3,2.6042053028941154,3,2.6042053028941154,0,1.0083171147853136,16,12,1,0,4.715334604494274,1.4512889087200165
GER-Bundesliga,2526,Borussia M.Gladbach,Tim Kleindienst,3,2025,130,6142,S,2,2,0,0.0,0,0.0,0,0.0,0,0,0,0,0.0,0.0
GER-Bundesliga,2526,Borussia M.Gladbach,Wael Mohya,3,2025,130,14123,S,7,133,0,0.1866571344435215,0,0.1866571344435215,0,0.027726881206035614,4,1,0,0,0.5508585534989834,0.3637159466743469
GER-Bundesliga,2526,Borussia M.Gladbach,Yannick Engelhardt,3,2025,130,10497,M S,21,1633,2,1.7873859172686934,2,1.7873859172686934,1,0.666916623711586,15,9,4,0,6.474934948608279,5.006034513935447
GER-Bundesliga,2526,Eintracht Frankfurt,Ansgar Knauff,3,2025,132,8989,F M S,20,992,4,3.334427412599325,4,3.334427412599325,1,2.6085463538765907,26,16,2,0,8.318106705322862,3.146936694160104
GER-Bundesliga,2526,Eintracht Frankfurt,Arnaud Kalimuendo Muinga,3,2025,132,8056,F S,8,504,3,2.50299634039402,3,2.50299634039402,1,0.6671469956636429,14,3,3,0,4.489952802658081,1.4207701236009598
GER-Bundesliga,2526,Eintracht Frankfurt,Arthur Theate,3,2025,132,9999,D,19,1705,1,1.006389000453055,1,1.006389000453055,0,0.43156967125833035,10,10,8,0,8.405279777944088,7.533075377345085
GER-Bundesliga,2526,Eintracht Frankfurt,Aurèle Amenda,3,2025,132,12955,D S,13,680,0,0.8457963466644287,0,0.8457963466644287,0,0.08957750350236893,4,1,3,0,2.07156839966774,2.021948605775833
GER-Bundesliga,2526,Eintracht Frankfurt,Aurélio Buta,3,2025,132,11311,D S,4,131,0,0.029344476759433746,0,0.029344476759433746,0,0.07674846798181534,1,1,1,0,0.22252386063337326,0.14577539265155792
GER-Bundesliga,2526,Eintracht Frankfurt,Ayoube Amaimouni-Echghouyab,3,2025,132,14331,D S,7,188,2,0.2118367739021778,2,0.2118367739021778,1,0.12900928780436516,5,2,1,0,0.4033588171005249,0.1915220469236374
GER-Bundesliga,2526,Eintracht Frankfurt,Can Uzun,3,2025,132,12954,M S,14,817,6,2.734463332220912,5,1.9766866397112608,3,2.259539982303977,27,13,2,0,6.394031405448914,2.5789587572216988
GER-Bundesliga,2526,Eintracht Frankfurt,Elias Baum,3,2025,132,12250,S,2,23,0,0.0,0,0.0,0,0.0,0,0,0,0,0.05371325835585594,0.05371325835585594
GER-Bundesliga,2526,Eintracht Frankfurt,Ellyes Skhiri,3,2025,132,3347,D M S,15,1016,0,0.5164884962141514,0,0.5164884962141514,0,0.2419943269342184,5,5,0,1,4.514940245077014,4.144678354263306
GER-Bundesliga,2526,Eintracht Frankfurt,Farès Chaïbi,3,2025,132,10792,M S,17,1208,1,1.7917647995054722,1,1.7917647995054722,7,2.8663588371127844,17,24,1,0,7.25582592189312,3.617961533367634
GER-Bundesliga,2526,Eintracht Frankfurt,Hugo Larsson,3,2025,132,11911,M S,16,1070,1,0.7868060655891895,1,0.7868060655891895,2,0.7942090816795826,7,11,0,0,3.424924649298191,2.402635380625725
GER-Bundesliga,2526,Eintracht Frankfurt,Jean Négoce,3,2025,132,10830,F M S,20,918,2,1.5013325763866305,2,1.5013325763866305,3,2.917883764952421,15,21,1,0,6.723603460937738,3.35990297049284
GER-Bundesliga,2526,Eintracht Frankfurt,Jessic Ngankam,3,2025,132,8396,S,3,50,0,0.0,0,0.0,0,0.0,0,0,0,0,0.0,0.0
GER-Bundesliga,2526,Eintracht Frankfurt,Jonathan Burkardt,3,2025,132,7108,F S,11,727,9,8.771456681191921,7,7.2559032663702965,0,0.22233903408050537,26,6,1,0,8.394528783857822,2.0885706916451454
GER-Bundesliga,2526,Eintracht Frankfurt,Kauã Santos,3,2025,132,12075,GK,12,1080,0,0.0,0,0.0,0,0.0,0,0,0,0,2.191868357360363,2.191868357360363
GER-Bundesliga,2526,Eintracht Frankfurt,Love Arrhov,3,2025,132,14415,S,1,6,0,0.0,0,0.0,0,0.0,0,0,1,0,0.0,0.0
GER-Bundesliga,2526,Eintracht Frankfurt,Mahmoud Dahoud,3,2025,132,205,F M S,13,636,2,0.7575652450323105,2,0.7575652450323105,2,0.2612789999693632,15,6,0,0,3.110726645216346,2.3935306295752525
GER-Bundesliga,2526,Eintracht Frankfurt,Mario Götze,3,2025,132,422,M S,17,696,0,0.3449149802327156,0,0.3449149802327156,0,1.8362236972898245,4,10,1,0,3.2919810451567173,2.1221678592264652
GER-Bundesliga,2526,Eintracht Frankfurt,Michael Zetterer,3,2025,132,126,GK,11,990,0,0.0,0,0.0,0,0.0,0,0,0,0,2.4062222614884377,2.4062222614884377
GER-Bundesliga,2526,Eintracht Frankfurt,Michy Batshuayi,3,2025,132,1678,F S,6,123,1,1.0145394168794155,0,0.2567627318203449,0,0.18608162552118301,5,2,0,0,0.48219047114253044,0.17199566960334778
GER-Bundesliga,2526,Eintracht Frankfurt,Nathaniel Brown,3,2025,132,13122,D M S,22,1719,3,1.544378474354744,3,1.544378474354744,4,2.744278147816658,14,22,3,0,7.254622042179108,4.004132254049182
GER-Bundesliga,2526,Eintracht Frankfurt,Nnamdi Collins,3,2025,132,12430,D S,19,1153,1,0.32930547185242176,1,0.32930547185242176,1,0.3977755010128021,2,2,3,0,5.899591490626335,5.172510530799627
GER-Bundesliga,2526,Eintracht Frankfurt,Oscar Højlund,3,2025,132,12952,M S,16,585,0,0.24501136504113674,0,0.24501136504113674,1,0.2518363296985626,2,3,1,1,1.7503821924328804,1.5783203449100256
GER-Bundesliga,2526,Eintracht Frankfurt,Rasmus Kristensen,3,2025,132,10750,D S,19,1438,2,1.1042318940162659,2,1.1042318940162659,0,1.3801484052091837,14,8,4,0,6.180345602333546,5.220411524176598
GER-Bundesliga,2526,Eintracht Frankfurt,Ritsu Doan,3,2025,132,8791,D F M,23,1928,4,3.4028477780520916,4,3.4028477780520916,5,5.422894261777401,30,30,2,0,10.659818766638637,5.313433723524213
GER-Bundesliga,2526,Eintracht Frankfurt,Robin Koch,3,2025,132,6273,D,22,1957,3,1.718471361324191,3,1.718471361324191,0,0.1911806408315897,11,6,1,0,4.977743070572615,4.784427963197231
GER-Bundesliga,2526,Eintracht Frankfurt,Sepe Elye Wahi,3,2025,132,9182,F S,10,309,0,1.0327077973634005,0,1.0327077973634005,1,0.5964227598160505,7,4,1,0,1.7842910178005695,0.2781498059630394
GER-Bundesliga,2526,Eintracht Frankfurt,Younes Ebnoutalib,3,2025,132,14329,F,2,109,1,0.4411657452583313,1,0.4411657452583313,0,0.1448395550251007,3,2,0,0,0.6283156871795654,0.09378467500209808
GER-Bundesliga,2526,FC Cologne,Alessio Castro-Montes,3,2025,134,14025,D S,8,426,0,0.1609742334112525,0,0.1609742334112525,3,1.7731760889291763,3,16,2,0,3.5512535572052,2.1033997014164925
GER-Bundesliga,2526,FC Cologne,Cenk Özkacar,3,2025,134,9015,D S,14,848,0,0.5697872396558523,0,0.5697872396558523,0,0.1350058726966381,5,3,1,0,1.523217773064971,1.5106161516159773
GER-Bundesliga,2526,FC Cologne,Denis Huseinbasic,3,2025,134,11074,M S,14,659,0,0.2053355174139142,0,0.2053355174139142,0,0.2871539294719696,6,4,1,0,1.702679993584752,1.3066352140158415
GER-Bundesliga,2526,FC Cologne,Dominique Heintz,3,2025,134,129,D S,7,379,0,0.0,0,0.0,0,0.07533709704875946,0,1,0,0,0.7893091775476933,0.7139720823615789
GER-Bundesliga,2526,FC Cologne,Eric Martel,3,2025,134,9053,D M S,22,1816,1,0.7385427970439196,1,0.7385427970439196,2,1.884604437276721,10,11,6,0,6.6989764757454395,5.43202817812562
GER-Bundesliga,2526,FC Cologne,Florian Kainz,3,2025,134,5231,M S,11,216,1,0.9068572148680687,1,0.9068572148680687,0,0.21057599410414696,7,6,0,0,1.876890242099762,1.0054945424199104
GER-Bundesliga,2526,FC Cologne,Fynn Schenten,3,2025,134,14253,F S,6,81,0,0.030162783339619637,0,0.030162783339619637,0,0.36186322569847107,1,1,0,0,0.3920260090380907,0.36186322569847107
GER-Bundesliga,2526,FC Cologne,Gian-Luca Waldschmidt,3,2025,134,294,F M S,16,413,3,3.6855050399899483,2,2.9277283772826195,3,2.011056562885642,13,9,0,0,5.464193381369114,0.9902751883491874
GER-Bundesliga,2526,FC Cologne,Jahmai Simpson-Pusey,3,2025,134,13185,D S,4,288,0,0.13654818385839462,0,0.13654818385839462,0,0.037222620099782944,3,1,0,0,0.9425877053290606,0.9053650815039873
GER-Bundesliga,2526,FC Cologne,Jakub Kaminski,3,2025,134,10732,D F M,23,2053,5,4.2727395705878735,5,4.2727395705878735,2,3.861064678058028,39,32,1,0,12.244727525860071,6.474506378173828
GER-Bundesliga,2526,FC Cologne,Jan Thielmann,3,2025,134,8205,D F M S,19,1325,3,1.800755564123392,3,1.800755564123392,1,0.5248632412403822,21,7,3,0,6.210814358666539,4.337866684421897
GER-Bundesliga,2526,FC Cologne,Joël Schmied,3,2025,134,13907,D S,13,964,0,0.21173877269029617,0,0.21173877269029617,0,0.14580537378787994,3,2,4,0,2.395489513874054,2.298329332843423
GER-Bundesliga,2526,FC Cologne,Jusuf Gazibegovic,3,2025,134,13912,S,1,17,0,0.0,0,0.0,0,0.0,0,0,0,0,0.04475236311554909,0.04475236311554909
GER-Bundesliga,2526,FC Cologne,Kristoffer Lund,3,2025,134,13909,D M S,22,1459,0,0.43311042711138725,0,0.43311042711138725,1,1.1245173066854477,14,14,1,0,5.891961261630058,4.86971290782094
GER-Bundesliga,2526,FC Cologne,Linton Maina,3,2025,134,6638,D F M S,14,611,2,1.047256214544177,2,1.047256214544177,0,0.6175683261826634,16,7,0,0,2.6220947578549385,1.1211641281843185
GER-Bundesliga,2526,FC Cologne,Marius Bülter,3,2025,134,7879,F M S,21,1107,3,3.308103835210204,3,3.308103835210204,3,3.91012223996222,34,20,3,0,8.784575127065182,3.500779764726758
GER-Bundesliga,2526,FC Cologne,Marvin Schwäbe,3,2025,134,4376,GK,23,2070,0,0.0,0,0.0,0,0.36419060826301575,0,1,0,0,4.594936169683933,4.230745531618595
GER-Bundesliga,2526,FC Cologne,Ragnar Ache,3,2025,134,8869,F S,22,1190,5,7.6305844858288765,5,7.6305844858288765,3,2.4393685702234507,39,22,2,0,9.330564484000206,1.9824736239388585
GER-Bundesliga,2526,FC Cologne,Rav van den Berg,3,2025,134,13913,D S,9,688,0,0.0,0,0.0,0,0.0,0,0,0,1,1.6514686793088913,1.6514686793088913
GER-Bundesliga,2526,FC Cologne,Said El Mala,3,2025,134,13911,F M S,23,1112,8,7.589153544977307,8,7.589153544977307,3,1.615403439849615,47,10,1,0,9.997411832213402,2.0690536573529243
GER-Bundesliga,2526,FC Cologne,Sebastian Sebulonsen,3,2025,134,13908,D S,23,1886,0,1.2105810660868883,0,1.2105810660868883,0,2.117011910304427,24,16,4,0,9.021623577922583,6.7851466201245785
GER-Bundesliga,2526,FC Cologne,Timo Hübers,3,2025,134,6403,D,8,681,0,0.0,0,0.0,0,0.0,0,0,0,0,2.0205610003322363,2.0205610003322363
GER-Bundesliga,2526,FC Cologne,Tom Krauß,3,2025,134,8092,D M S,19,1285,0,0.37441524118185043,0,0.37441524118185043,1,0.887312438338995,8,9,4,0,5.796429228037596,4.957354959100485
GER-Bundesliga,2526,FC Cologne,Youssoupha Niang,3,2025,134,14337,S,3,5,0,0.0,0,0.0,0,0.0,0,0,0,0,0.0,0.0
GER-Bundesliga,2526,FC Cologne,Ísak Bergmann Jóhannesson,3,2025,134,13910,M S,21,1198,1,0.7706330455839634,1,0.7706330455839634,1,1.6295759305357933,5,20,3,0,5.0237321220338345,3.7019474897533655
GER-Bundesliga,2526,FC Heidenheim,Adam Kölle,3,2025,280,13862,S,6,73,1,1.0184025764465332,1,1.0184025764465332,0,0.03532744571566582,3,1,1,0,0.1584107019007206,0.03532744571566582
GER-Bundesliga,2526,FC Heidenheim,Adrian Beck,3,2025,280,11855,M S,18,735,1,0.9175612106919289,1,0.9175612106919289,0,0.831146102398634,10,13,0,0,3.6145219765603542,2.6380457635968924
GER-Bundesliga,2526,FC Heidenheim,Arijon Ibrahimovic,3,2025,280,10248,D F M S,23,1701,1,4.465191571041942,0,3.707414908334613,2,3.9121379014104605,38,43,1,0,7.064703293144703,1.941758238710463
GER-Bundesliga,2526,FC Heidenheim,Benedikt Gimber,3,2025,280,11864,D S,16,1143,0,0.4965052902698517,0,0.4965052902698517,0,0.21245378255844116,4,1,6,0,1.098942618817091,1.0392912961542606
GER-Bundesliga,2526,FC Heidenheim,Budu Zivzivadze,3,2025,280,13323,F S,10,414,1,2.397713288664818,1,2.397713288664818,0,0.13463463634252548,9,3,1,1,2.556677930057049,0.2098880633711815
GER-Bundesliga,2526,FC Heidenheim,Christian Conteh,3,2025,280,14451,M,2,135,0,0.13346002995967865,0,0.13346002995967865,0,0.0,3,0,0,0,0.14520622789859772,0.011746210977435112
GER-Bundesliga,2526,FC Heidenheim,Diant Ramaj,3,2025,280,9753,GK,23,2070,0,0.0,0,0.0,0,0.0,0,0,1,0,3.0415255296975374,3.0415255296975374
GER-Bundesliga,2526,FC Heidenheim,Eren Sami Dinkci,3,2025,280,9201,F M S,12,609,1,1.336973799392581,1,1.336973799392581,1,0.46584339067339897,14,5,1,0,2.146861247718334,0.7989247590303421
GER-Bundesliga,2526,FC Heidenheim,Hennes Behrens,3,2025,280,13414,D S,5,369,0,0.08843722566962242,0,0.08843722566962242,0,0.8795956950634718,3,4,0,0,1.0054204761981964,0.9593446925282478
GER-Bundesliga,2526,FC Heidenheim,Jan Schöppner,3,2025,280,11865,M S,21,1463,1,0.9021462500095367,1,0.9021462500095367,1,1.38027373701334,18,6,4,0,3.9527807543054223,2.5529058603569865
GER-Bundesliga,2526,FC Heidenheim,Jonas Föhrenbach,3,2025,280,5347,D M S,19,1660,1,0.5712428074330091,1,0.5712428074330091,1,2.2328514009714127,5,21,3,0,3.3635616889223456,2.2278391337022185
GER-Bundesliga,2526,FC Heidenheim,Julian Niehues,3,2025,280,13429,M S,18,1092,3,2.049314549192786,3,2.049314549192786,0,0.5979146659374237,16,3,1,0,3.166976470500231,1.8274735808372498
GER-Bundesliga,2526,FC Heidenheim,Leart Paqarada,3,2025,280,11892,D,1,6,0,0.0,0,0.0,0,0.0,0,0,0,0,0.0,0.0
GER-Bundesliga,2526,FC Heidenheim,Leonidas Stergiou,3,2025,280,11975,D S,3,103,0,0.0,0,0.0,0,0.0,0,0,0,0,0.0721588060259819,0.0721588060259819
GER-Bundesliga,2526,FC Heidenheim,Luca Kerber,3,2025,280,12987,M S,11,392,0,0.34473102167248726,0,0.34473102167248726,0,0.15216649509966373,4,2,2,0,0.7812620811164379,0.5324585903435946
GER-Bundesliga,2526,FC Heidenheim,Léo Scienza,3,2025,280,12986,M,2,180,1,0.1424524337053299,1,0.1424524337053299,0,1.3223831057548523,4,3,0,0,1.1770203709602356,0.7020066827535629
GER-Bundesliga,2526,FC Heidenheim,Marnon Busch,3,2025,280,4312,D M S,20,1206,0,0.39567278418689966,0,0.39567278418689966,2,1.7532516811043024,6,12,2,0,3.063740450888872,1.8301867917180061
GER-Bundesliga,2526,FC Heidenheim,Marvin Pieringer,3,2025,280,11856,F S,17,1021,2,2.6644663475453854,2,2.6644663475453854,0,0.8646400049328804,19,10,2,0,3.8186783846467733,0.9608581606298685
GER-Bundesliga,2526,FC Heidenheim,Mathias Honsak,3,2025,280,11917,F M S,19,947,0,1.6153304185718298,0,1.6153304185718298,0,1.2883216794580221,23,8,1,0,4.276038434356451,1.9004238694906235
GER-Bundesliga,2526,FC Heidenheim,Mikkel Kaufmann,3,2025,280,12053,F S,13,481,1,1.3755719233304262,1,1.3755719233304262,1,1.2740651369094849,11,4,2,0,1.8558104429394007,0.10937948524951935
GER-Bundesliga,2526,FC Heidenheim,Niklas Dorsch,3,2025,280,6411,M S,21,1466,0,0.5254327058792114,0,0.5254327058792114,0,1.4692411692813039,13,15,1,0,5.118426568806171,4.78119195625186
GER-Bundesliga,2526,FC Heidenheim,Omar Traoré,3,2025,280,11859,D S,21,1264,0,0.19597046170383692,0,0.19597046170383692,2,1.4267392195761204,8,12,2,0,2.930035828612745,2.3769820742309093
GER-Bundesliga,2526,FC Heidenheim,Patrick Mainka,3,2025,280,11853,D,23,2070,1,1.7191526591777802,1,1.7191526591777802,1,1.0566893704235554,23,8,2,0,5.1663233963772655,4.739293976686895
GER-Bundesliga,2526,FC Heidenheim,Sirlord Conteh,3,2025,280,12988,F M S,12,494,2,3.1821698397397995,2,3.1821698397397995,1,0.490153968334198,10,7,1,0,3.182174390181899,0.48985797725617886
GER-Bundesliga,2526,FC Heidenheim,Stefan Schimmer,3,2025,280,11861,F S,18,559,5,4.53482411801815,5,4.53482411801815,1,1.6511298958212137,27,12,1,0,7.002408768981695,1.3862062525004148
GER-Bundesliga,2526,FC Heidenheim,Thomas Keller,3,2025,280,12023,D S,4,193,0,0.05427293013781309,0,0.05427293013781309,0,0.0,2,0,1,0,0.12361487094312906,0.11296646483242512
GER-Bundesliga,2526,FC Heidenheim,Tim Siersleben,3,2025,280,8854,D S,14,1084,0,0.6296908538788557,0,0.6296908538788557,0,0.11557023227214813,5,2,2,0,1.3642809763550758,1.074270966462791
GER-Bundesliga,2526,FC Heidenheim,Tobias Weigel,3,2025,280,14096,S,1,1,0,0.0,0,0.0,0,0.0,0,0,0,0,0.03532744571566582,0.03532744571566582
GER-Bundesliga,2526,FC Heidenheim,Yannik Wagner,3,2025,280,13863,S,4,31,0,0.024279415607452393,0,0.024279415607452393,0,0.2785300724208355,1,3,0,0,0.265305258333683,0.07995288819074631
GER-Bundesliga,2526,Freiburg,Anthony Jung,3,2025,135,5217,D S,10,473,0,0.03665805235505104,0,0.03665805235505104,0,0.2152542881667614,1,3,2,0,1.2904653549194336,1.1594009175896645
GER-Bundesliga,2526,Freiburg,Bruno Ogbus,3,2025,135,12926,D S,7,487,0,0.3500305414199829,0,0.3500305414199829,0,0.0,3,0,0,0,0.8162110410630703,0.5003551207482815
GER-Bundesliga,2526,Freiburg,Christian Günter,3,2025,135,4243,D S,16,998,0,0.35443346202373505,0,0.35443346202373505,2,1.3201232571154833,7,15,1,0,3.843622663989663,2.8393238354474306
GER-Bundesliga,2526,Freiburg,Cyriaque Irié,3,2025,135,13864,M S,3,95,0,0.11407914757728577,0,0.11407914757728577,0,0.02767897956073284,2,1,1,0,0.22595010697841644,0.11187096312642097
GER-Bundesliga,2526,Freiburg,Derry Scherhant,3,2025,135,10860,M S,20,676,4,2.194896756671369,4,2.194896756671369,0,0.6500271577388048,25,12,1,0,2.6098174937069416,0.5454016625881195
GER-Bundesliga,2526,Freiburg,Igor Matanovic,3,2025,135,12953,F S,20,730,6,5.667198721319437,5,4.151645313948393,1,0.944596579298377,29,7,0,0,4.620509983040392,0.4957608785480261
GER-Bundesliga,2526,Freiburg,Jan-Niklas Beste,3,2025,135,11982,M S,18,1225,1,2.4502394311130047,1,2.4502394311130047,2,2.7916162870824337,17,26,5,0,6.977947406470776,3.432757906615734
GER-Bundesliga,2526,Freiburg,Johan Manzambi,3,2025,135,13102,M S,18,1420,3,1.5479315873235464,3,1.5479315873235464,2,1.9692487232387066,29,12,4,2,6.601891081780195,4.928969228640199
GER-Bundesliga,2526,Freiburg,Jordy Makengo,3,2025,135,12070,D S,13,828,0,0.0,0,0.0,0,0.21329142525792122,0,3,1,0,1.4305813144892454,1.4305813144892454
GER-Bundesliga,2526,Freiburg,Junior Adamu,3,2025,135,12069,F S,9,456,1,1.7867614552378654,1,1.7867614552378654,1,1.2455768771469593,8,5,1,0,2.3196257650852203,0.8252495266497135
GER-Bundesliga,2526,Freiburg,Lucas Höler,3,2025,135,6475,F M S,22,1393,1,3.1133110281080008,1,3.1133110281080008,1,1.3486025109887123,20,17,0,0,5.626107854768634,1.888295840471983
GER-Bundesliga,2526,Freiburg,Lukas Kübler,3,2025,135,5263,D S,16,1234,2,2.631019704043865,2,2.631019704043865,1,0.9086428210139275,18,8,2,0,3.8300196044147015,2.666198441758752
GER-Bundesliga,2526,Freiburg,Matthias Ginter,3,2025,135,315,D,22,1980,1,0.6047866996377707,1,0.6047866996377707,2,1.7659618593752384,11,10,1,0,7.852578766644001,6.8999918438494205
GER-Bundesliga,2526,Freiburg,Max Rosenfelder,3,2025,135,12626,D S,12,476,0,0.017270773649215698,0,0.017270773649215698,0,0.0,1,0,0,0,0.7206106707453728,0.7206106707453728
GER-Bundesliga,2526,Freiburg,Maximilian Eggestein,3,2025,135,125,M,23,2070,2,2.7817964386194944,2,2.7817964386194944,0,1.198701649904251,35,14,3,0,7.879647571593523,5.841531399637461
GER-Bundesliga,2526,Freiburg,Merlin Röhl,3,2025,135,11331,S,2,52,0,0.0,0,0.0,0,0.0,0,0,0,0,0.5478483885526657,0.5478483885526657
GER-Bundesliga,2526,Freiburg,Nicolas Höfler,3,2025,135,4250,S,6,51,0,0.07480369322001934,0,0.07480369322001934,0,0.0,2,0,0,0,0.36123427748680115,0.36123427748680115
GER-Bundesliga,2526,Freiburg,Noah Atubolu,3,2025,135,10160,GK,23,2070,0,0.0,0,0.0,0,0.3081289026886225,0,2,0,0,3.3493769876658916,3.0412480924278498
GER-Bundesliga,2526,Freiburg,Patrick Osterhage,3,2025,135,9711,M S,18,1105,1,1.2812672033905983,1,1.2812672033905983,0,0.33297303691506386,7,6,4,0,3.0878038182854652,1.5657243579626083
GER-Bundesliga,2526,Freiburg,Philipp Lienhart,3,2025,135,2611,D S,12,904,0,0.8052568137645721,0,0.8052568137645721,0,0.12085419148206711,5,3,2,1,4.039544573053718,4.009935459122062
GER-Bundesliga,2526,Freiburg,Philipp Treu,3,2025,135,12976,D M S,19,1452,1,0.7735996916890144,1,0.7735996916890144,1,0.8926952984184027,11,13,2,0,4.23133653216064,2.890041997656226
GER-Bundesliga,2526,Freiburg,Vincenzo Grifo,3,2025,135,5266,M S,23,1147,6,4.294989798218012,2,1.263963494449854,1,3.9253658279776573,19,28,0,0,6.974754836410284,3.7313268333673477
GER-Bundesliga,2526,Freiburg,Yuito Suzuki,3,2025,135,11354,M S,18,1154,3,3.1524653285741806,3,3.1524653285741806,2,1.4438110757619143,30,17,2,0,5.0327280312776566,1.3558310940861702
GER-Bundesliga,2526,Hamburger SV,Aboubaka Soumahoro,3,2025,118,13927,D S,4,140,0,0.0,0,0.0,0,0.020567389205098152,0,1,1,0,0.0691862553358078,0.0691862553358078
GER-Bundesliga,2526,Hamburger SV,Albert Sambi Lokonga,3,2025,118,9689,M S,16,1075,4,1.0194538366049528,4,1.0194538366049528,0,1.0265113934874535,14,17,2,0,4.162484385073185,2.8640920110046864
GER-Bundesliga,2526,Hamburger SV,Alexander Røssing-Lelesiit,3,2025,118,13926,F M S,11,319,0,0.08903256431221962,0,0.08903256431221962,1,0.7265190482139587,2,5,1,1,0.8746454827487469,0.05909386835992336
GER-Bundesliga,2526,Hamburger SV,Bakery Jatta,3,2025,118,5225,D M S,10,677,0,0.6220819428563118,0,0.6220819428563118,1,0.23038068041205406,6,4,0,0,2.010330952703953,1.2497835475951433
GER-Bundesliga,2526,Hamburger SV,Damion Downs,3,2025,118,11411,F S,4,273,0,0.34479859843850136,0,0.34479859843850136,0,0.5597766451537609,5,4,0,0,1.0397449433803558,0.13516972213983536
GER-Bundesliga,2526,Hamburger SV,Daniel Elfadli,3,2025,118,13920,D S,16,1024,0,0.09667765721678734,0,0.09667765721678734,0,0.17046347633004189,2,2,3,1,1.6793869212269783,1.5827092751860619
GER-Bundesliga,2526,Hamburger SV,Daniel Heuer Fernandes,3,2025,118,5283,GK,22,1980,0,0.12809063494205475,0,0.12809063494205475,0,0.0,1,0,3,0,3.781513847410679,3.781513847410679
GER-Bundesliga,2526,Hamburger SV,Emir Sahiti,3,2025,118,13924,F,2,124,0,0.0,0,0.0,0,0.013570391573011875,0,1,0,0,0.013570391573011875,0.0
GER-Bundesliga,2526,Hamburger SV,Fabio Baldé,3,2025,118,14036,F S,11,288,0,0.4062047265470028,0,0.4062047265470028,1,1.222242034971714,5,4,0,0,1.8220521919429302,0.3657553866505623
GER-Bundesliga,2526,Hamburger SV,Fábio Vieira,3,2025,118,11007,F M S,17,1265,3,3.199370420537889,2,2.4415936833247542,4,3.076237378641963,37,23,1,2,8.668244566768408,4.329534888267517
GER-Bundesliga,2526,Hamburger SV,Giorgi Gocholeishvili,3,2025,118,13921,D S,18,750,0,0.9689812874421477,0,0.9689812874421477,1,0.6386436335742474,13,9,1,1,3.036925822496414,1.6474941913038492
GER-Bundesliga,2526,Hamburger SV,Guilherme Ramos,3,2025,118,9731,S,8,31,0,0.12104368209838867,0,0.12104368209838867,0,0.0,1,0,0,0,0.1867151726037264,0.1867151726037264
GER-Bundesliga,2526,Hamburger SV,Immanuel Pherai,3,2025,118,8405,S,6,19,0,0.02896745502948761,0,0.02896745502948761,0,0.0,1,0,0,1,0.15311477333307266,0.15311477333307266
GER-Bundesliga,2526,Hamburger SV,Jean-Luc Dompe,3,2025,118,5969,F M S,15,997,2,1.3499707309529185,2,1.3499707309529185,0,3.428663447499275,21,29,0,0,5.014746516942978,1.2789674364030361
GER-Bundesliga,2526,Hamburger SV,Jonas Meffert,3,2025,118,5346,M S,4,134,0,0.0,0,0.0,0,0.127674862742424,0,2,0,0,0.3951718807220459,0.2674970142543316
GER-Bundesliga,2526,Hamburger SV,Jordan Torunarigha,3,2025,118,5238,D S,13,1056,0,0.01771662011742592,0,0.01771662011742592,0,0.06917020678520203,1,1,1,0,1.3918128167279065,1.3740961705334485
GER-Bundesliga,2526,Hamburger SV,Luka Vuskovic,3,2025,118,13725,D,19,1710,4,2.4213626850396395,4,2.4213626850396395,0,0.298357761465013,21,8,5,0,5.311898631043732,5.067144885659218
GER-Bundesliga,2526,Hamburger SV,Miro Muheim,3,2025,118,13922,D M S,22,1913,0,1.2573005352169275,0,1.2573005352169275,4,3.125522783026099,21,36,4,0,5.639703784137964,4.37814230658114
GER-Bundesliga,2526,Hamburger SV,Nicolai Remberg,3,2025,118,12937,D M,21,1890,0,0.9045947007834911,0,0.9045947007834911,1,1.0003389939665794,13,7,8,0,6.536529503762722,5.2578245885670185
GER-Bundesliga,2526,Hamburger SV,Nicolás Capaldo,3,2025,118,13923,D M S,19,1547,1,1.8536334233358502,1,1.8536334233358502,1,1.1820989735424519,16,11,6,0,4.72983792424202,2.2836542204022408
GER-Bundesliga,2526,Hamburger SV,Otto Stange,3,2025,118,13928,S,1,14,0,0.0,0,0.0,0,0.0,0,0,0,0,0.0,0.0
GER-Bundesliga,2526,Hamburger SV,Philip Otele,3,2025,118,14423,F M,3,226,0,0.13501720130443573,0,0.13501720130443573,1,0.7672081589698792,3,6,0,0,0.8079397603869438,0.11442697048187256
GER-Bundesliga,2526,Hamburger SV,Ransford Königsdörffer,3,2025,118,13925,F M S,22,1527,4,6.676688874140382,4,5.918912203982472,0,0.9536219015717506,48,15,1,0,7.200083682313561,1.0085499100387096
GER-Bundesliga,2526,Hamburger SV,Rayan Philippe,3,2025,118,7749,F M S,20,1011,5,5.102377101778984,5,4.344600394368172,0,1.16421427577734,32,13,2,0,5.604484042152762,1.1225422136485577
GER-Bundesliga,2526,Hamburger SV,Robert Glatzel,3,2025,118,9326,F S,14,267,1,1.2580250706523657,1,1.2580250706523657,1,0.7814078666269779,9,3,0,0,2.0547417607158422,0.04961938038468361
GER-Bundesliga,2526,Hamburger SV,Warmed Omari,3,2025,118,9491,D S,8,629,0,0.04865051619708538,0,0.04865051619708538,0,0.17357860133051872,2,3,0,0,1.5417355597019196,1.3366719745099545
GER-Bundesliga,2526,Hamburger SV,William Mikelbrencis,3,2025,118,9537,D S,16,621,0,1.19422544259578,0,1.19422544259578,1,0.623723641037941,9,6,2,0,2.212820991873741,0.4468708336353302
GER-Bundesliga,2526,Hamburger SV,Yussuf Poulsen,3,2025,118,5250,F S,10,227,1,0.6910383813083172,1,0.6910383813083172,0,0.2802915424108505,7,2,3,0,1.4643554873764515,0.6537210661917925
GER-Bundesliga,2526,Hoffenheim,Adam Hlozek,3,2025,120,10774,S,3,16,0,0.4251236915588379,0,0.4251236915588379,0,0.0,1,0,0,0,0.4251236915588379,0.0
GER-Bundesliga,2526,Hoffenheim,Albian Hajdari,3,2025,120,13973,D S,20,1655,1,1.7177108880132437,1,1.7177108880132437,1,0.6934301853179932,11,4,8,0,5.929016675800085,5.287839595228434
GER-Bundesliga,2526,Hoffenheim,Alexander Prass,3,2025,120,12928,D M S,21,800,1,0.8547467440366745,1,0.8547467440366745,2,1.9144010990858078,11,12,2,0,4.567808799445629,2.3116070237010717
GER-Bundesliga,2526,Hoffenheim,Andrej Kramaric,3,2025,120,956,F M S,23,1464,10,8.387530755251646,7,6.114200811833143,4,2.7746223295107484,46,25,1,0,11.363289590924978,4.769064899533987
GER-Bundesliga,2526,Hoffenheim,Bazoumana Touré,3,2025,120,13427,D F M S,19,1468,2,3.22279388923198,2,3.22279388923198,5,3.912499887868762,26,25,2,0,9.36213731765747,2.590400855988264
GER-Bundesliga,2526,Hoffenheim,Bernardo,3,2025,120,5245,D,18,1594,0,0.29895967058837414,0,0.29895967058837414,0,0.2751814089715481,7,6,6,0,3.7483193650841713,3.532678794115782
GER-Bundesliga,2526,Hoffenheim,Fisnik Asllani,3,2025,120,10113,F M S,22,1573,7,6.655255662277341,7,6.655255662277341,4,4.186036452651024,48,25,1,0,13.72642021626234,3.8960618395358324
GER-Bundesliga,2526,Hoffenheim,Grischa Prömel,3,2025,120,4340,M S,23,1219,6,3.6456523835659027,6,3.6456523835659027,2,1.3238463122397661,28,12,2,0,7.6945284232497215,3.1596399694681168
GER-Bundesliga,2526,Hoffenheim,Ihlas Bebou,3,2025,120,6271,S,14,118,0,0.6424789670854807,0,0.6424789670854807,0,0.9731176495552063,5,2,1,0,2.144814359024167,0.5521665941923857
GER-Bundesliga,2526,Hoffenheim,Kevin Akpoguma,3,2025,120,6327,D S,5,31,0,0.0,0,0.0,0,0.0,0,0,0,1,0.08437187224626541,0.08437187224626541
GER-Bundesliga,2526,Hoffenheim,Koki Machida,3,2025,120,13859,D,1,45,0,0.0,0,0.0,0,0.0,0,0,1,0,0.045069705694913864,0.045069705694913864
GER-Bundesliga,2526,Hoffenheim,Leon Avdullahu,3,2025,120,13861,M,23,2032,0,0.35291037522256374,0,0.35291037522256374,1,0.8780492767691612,10,14,4,0,9.532138945534825,8.62595267035067
GER-Bundesliga,2526,Hoffenheim,Luka Djuric,3,2025,120,13416,S,1,5,0,0.0,0,0.0,0,0.0,0,0,0,0,0.058380626142024994,0.058380626142024994
GER-Bundesliga,2526,Hoffenheim,Max Moerstedt,3,2025,120,12470,F S,17,312,2,1.1926478147506714,2,1.1926478147506714,0,0.6729935109615326,5,2,2,0,3.105569936335087,1.239928625524044
GER-Bundesliga,2526,Hoffenheim,Muhammed Damar,3,2025,120,10730,F M S,11,234,0,1.6952989846467972,0,1.6952989846467972,0,0.8984380625188351,11,10,0,0,2.6678813248872757,0.46767143718898296
GER-Bundesliga,2526,Hoffenheim,Oliver Baumann,3,2025,120,73,GK,23,2070,0,0.0,0,0.0,0,0.0,0,0,1,0,4.210802484303713,4.210802484303713
GER-Bundesliga,2526,Hoffenheim,Ozan Kabak,3,2025,120,7376,D S,14,741,4,2.626578653231263,4,2.626578653231263,0,0.19610493257641792,15,3,1,0,4.57125249505043,2.97237166762352
GER-Bundesliga,2526,Hoffenheim,Robin Hranác,3,2025,120,13012,D,21,1864,0,1.4107262045145035,0,1.4107262045145035,0,0.024163702502846718,5,1,4,0,5.94220314361155,5.94220314361155
GER-Bundesliga,2526,Hoffenheim,Tim Lemperle,3,2025,120,8407,F M S,18,1321,6,5.745641503483057,5,4.987864796072245,2,2.1172021199017763,35,19,1,0,8.458384685218334,2.045264083892107
GER-Bundesliga,2526,Hoffenheim,Umut Tohumcu,3,2025,120,10595,M S,5,120,0,0.08933279849588871,0,0.08933279849588871,0,0.0,2,0,2,0,0.23116048239171505,0.20984981767833233
GER-Bundesliga,2526,Hoffenheim,Valentin Gendrey,3,2025,120,7742,S,7,37,1,0.07995496690273285,1,0.07995496690273285,1,0.72549694404006,1,3,0,0,0.8054519146680832,0.0
GER-Bundesliga,2526,Hoffenheim,Vladimir Coufal,3,2025,120,8965,D,23,2068,1,0.6551934443414211,1,0.6551934443414211,6,4.16605325974524,17,34,3,0,10.937424756586552,8.014970742166042
GER-Bundesliga,2526,Hoffenheim,Wouter Burger,3,2025,120,13860,M,20,1654,4,2.659660205245018,4,2.659660205245018,5,4.953967694193125,24,35,4,1,10.070876462385058,5.054940456524491
GER-Bundesliga,2526,Hoffenheim,Yannick Eduardo,3,2025,120,12314,S,1,1,0,0.0,0,0.0,0,0.0,0,0,0,0,0.0,0.0
GER-Bundesliga,2526,Mainz 05,Andreas Hanche-Olsen,3,2025,125,11309,D S,13,843,0,0.23574959114193916,0,0.23574959114193916,1,0.709290836006403,6,3,3,0,2.0370114482939243,1.2583506405353546
GER-Bundesliga,2526,Mainz 05,Anthony Caci,3,2025,125,6380,D,4,323,0,0.22836721688508987,0,0.22836721688508987,0,0.3791453465819359,5,6,1,0,1.42956180870533,0.973144143819809
GER-Bundesliga,2526,Mainz 05,Armindo Sieb,3,2025,125,9350,F S,15,416,2,2.710621727630496,2,2.710621727630496,0,0.48684160970151424,14,6,1,0,3.415336035192013,0.2890808992087841
GER-Bundesliga,2526,Mainz 05,Arnaud Nordin,3,2025,125,5684,D F M S,13,468,0,0.7219278290867805,0,0.7219278290867805,0,0.14084352925419807,13,2,0,0,1.0664126202464104,0.3882246594876051
GER-Bundesliga,2526,Mainz 05,Ben Bobzien,3,2025,125,9786,S,1,3,0,0.0,0,0.0,0,0.0,0,0,0,0,0.29462552070617676,0.29462552070617676
GER-Bundesliga,2526,Mainz 05,Benedict Hollerbach,3,2025,125,11981,F M S,14,903,1,2.9790893960744143,1,2.9790893960744143,2,1.8817622810602188,22,4,0,0,4.888501934707165,1.3094587735831738
GER-Bundesliga,2526,Mainz 05,Daniel Batz,3,2025,125,12029,GK,11,990,0,0.0,0,0.0,0,0.0,0,0,1,0,1.2379983514547348,1.2379983514547348
GER-Bundesliga,2526,Mainz 05,Danny da Costa,3,2025,125,249,D M S,23,1922,1,1.587850397452712,1,1.587850397452712,2,2.29357239510864,8,14,3,0,5.835391061380506,3.951987622305751
GER-Bundesliga,2526,Mainz 05,Dominik Kohr,3,2025,125,269,D,18,1509,1,1.2369884476065636,1,1.2369884476065636,0,1.5210218001157045,9,7,6,2,3.756326202303171,3.049336913973093
GER-Bundesliga,2526,Mainz 05,Fabio Moreno Fell,3,2025,125,14164,F S,2,80,0,0.051751505583524704,0,0.051751505583524704,0,0.0,1,0,0,0,0.0,0.0
GER-Bundesliga,2526,Mainz 05,Jae-Sung Lee,3,2025,125,9783,F M,21,1770,2,2.1172372372820973,2,2.1172372372820973,2,3.1645886469632387,23,19,2,0,7.473803002387285,2.876490145921707
GER-Bundesliga,2526,Mainz 05,Kacper Potulski,3,2025,125,14187,D S,9,667,1,1.5141763016581535,1,1.5141763016581535,0,0.6171241998672485,9,2,3,0,0.9754866026341915,0.790895925834775
GER-Bundesliga,2526,Mainz 05,Kaishu Sano,3,2025,125,12918,M,23,2070,1,0.9089900963008404,1,0.9089900963008404,1,1.7477384898811579,13,15,1,0,7.541892886161804,5.463604308664799
GER-Bundesliga,2526,Mainz 05,Lasse Rieß,3,2025,125,10423,GK S,4,290,0,0.0,0,0.0,0,0.0,0,0,0,0,0.0500621423125267,0.0500621423125267
GER-Bundesliga,2526,Mainz 05,Lennard Maloney,3,2025,125,10071,D M S,14,419,0,0.4786199890077114,0,0.4786199890077114,0,0.04304572194814682,3,1,0,0,0.24736066814512014,0.23752684146165848
GER-Bundesliga,2526,Mainz 05,Maxim Leitsch,3,2025,125,9703,D S,3,158,0,0.02450724132359028,0,0.02450724132359028,0,0.0,1,0,0,0,0.35979217290878296,0.35979217290878296
GER-Bundesliga,2526,Mainz 05,Nadiem Amiri,3,2025,125,82,F M S,20,1667,10,7.3520552739501,3,2.047618556767702,2,4.181111939251423,39,47,6,0,7.012902742251754,4.205031407997012
GER-Bundesliga,2526,Mainz 05,Nelson Weiper,3,2025,125,11143,F S,15,428,0,2.3324084654450417,0,2.3324084654450417,0,0.3726081997156143,9,6,0,0,1.4822481162846088,0.23158375173807144
GER-Bundesliga,2526,Mainz 05,Nikolas Veratschnig,3,2025,125,12919,D S,14,398,0,0.12270497065037489,0,0.12270497065037489,1,0.7393891476094723,3,3,2,0,0.8617614125832915,0.05703015998005867
GER-Bundesliga,2526,Mainz 05,Paul Nebel,3,2025,125,8846,M S,19,1132,1,2.4387647099792957,1,2.4387647099792957,0,2.347022205591202,15,23,2,2,5.125830966979265,1.1543251983821392
GER-Bundesliga,2526,Mainz 05,Philipp Mwene,3,2025,125,7106,D S,18,1205,0,0.3484860435128212,0,0.3484860435128212,0,0.6747070960700512,4,11,3,0,2.9777215868234634,2.2608528062701225
GER-Bundesliga,2526,Mainz 05,Robin Zentner,3,2025,125,449,GK,9,788,0,0.0,0,0.0,0,0.0,0,0,2,1,0.6503688618540764,0.6503688618540764
GER-Bundesliga,2526,Mainz 05,Sheraldo Becker,3,2025,125,7882,S,3,91,0,0.15088441595435143,0,0.15088441595435143,0,0.040950957685709,3,1,1,0,0.726306963711977,0.5344715714454651
GER-Bundesliga,2526,Mainz 05,Silas Wamangituka,3,2025,125,8807,F S,6,317,1,2.3329260647296906,1,2.3329260647296906,0,0.1347782164812088,8,2,1,0,2.5419191420078278,0.0880390852689743
GER-Bundesliga,2526,Mainz 05,Silvan Widmer,3,2025,125,1139,D M S,17,1187,2,2.5333029814064503,2,2.5333029814064503,0,0.8295687697827816,17,3,5,0,3.670824524015188,1.5373196620494127
GER-Bundesliga,2526,Mainz 05,Sota Kawasaki,3,2025,125,13995,D S,6,212,0,0.04572444409132004,0,0.04572444409132004,0,0.0,1,0,1,0,0.22899293899536133,0.1832684949040413
GER-Bundesliga,2526,Mainz 05,Stefan Bell,3,2025,125,40,D S,18,1044,2,1.840271808207035,2,1.840271808207035,1,1.202451154589653,12,5,4,0,3.5781668480485678,1.6757325250655413
GER-Bundesliga,2526,Mainz 05,Stefan Posch,3,2025,125,5329,D,5,450,0,0.037167384289205074,0,0.037167384289205074,0,0.21267066895961761,2,3,3,0,0.7635556012392044,0.6383787989616394
GER-Bundesliga,2526,Mainz 05,William Bøving,3,2025,125,14022,M S,6,191,0,0.01329879555851221,0,0.01329879555851221,1,0.4964108467102051,1,2,1,0,0.37258195877075195,0.37258195877075195
GER-Bundesliga,2526,RasenBallsport Leipzig,Andrija Maksimovic,3,2025,136,13972,S,8,77,0,0.0663988795131445,0,0.0663988795131445,0,0.3666895739734173,2,3,0,0,0.42848074436187744,0.40251037664711475
GER-Bundesliga,2526,RasenBallsport Leipzig,Antonio Nusa,3,2025,136,12941,F M S,20,1409,2,4.723050817847252,2,4.723050817847252,2,4.041981030255556,50,25,0,0,14.620342520996928,7.060581808909774
GER-Bundesliga,2526,RasenBallsport Leipzig,Assan Ouédraogo,3,2025,136,13191,F M S,12,632,3,2.1908827032893896,3,2.1908827032893896,3,2.7199287116527557,18,8,0,0,5.883934244513512,4.069046929478645
GER-Bundesliga,2526,RasenBallsport Leipzig,Benjamin Henrichs,3,2025,136,435,D S,6,163,0,0.10240761563181877,0,0.10240761563181877,0,0.050414733588695526,2,2,0,0,1.5721235275268555,1.468595266342163
GER-Bundesliga,2526,RasenBallsport Leipzig,Bote Baku,3,2025,136,6708,D S,21,1651,1,1.9344573803246021,1,1.9344573803246021,2,3.934564009308815,22,27,3,0,12.691823478788137,10.345180910080671
GER-Bundesliga,2526,RasenBallsport Leipzig,Brajan Gruda,3,2025,136,11310,F M,3,257,1,0.7350426763296127,1,0.7350426763296127,1,1.3420336861163378,6,6,0,0,2.6892672330141068,1.6634935289621353
GER-Bundesliga,2526,RasenBallsport Leipzig,Castello Lukeba,3,2025,136,9511,D S,18,1536,1,0.7775226831436157,1,0.7775226831436157,0,0.17395520769059658,6,5,2,0,9.53622561879456,9.3716398216784
GER-Bundesliga,2526,RasenBallsport Leipzig,Christoph Baumgartner,3,2025,136,7422,M S,22,1823,10,11.878111526370049,10,11.120334841310978,6,2.6790799144655466,53,28,6,0,14.535222981125116,4.1121739987283945
GER-Bundesliga,2526,RasenBallsport Leipzig,Conrad Harder,3,2025,136,14023,F S,20,711,2,3.542077574878931,2,3.542077574878931,2,1.8232183940708637,35,10,3,0,5.551433864980936,0.968269344419241
GER-Bundesliga,2526,RasenBallsport Leipzig,David Raum,3,2025,136,9724,D,22,1950,3,2.178323432803154,2,1.420546755194664,5,7.916379164904356,18,69,6,0,14.664609966799617,11.743735430762172
GER-Bundesliga,2526,RasenBallsport Leipzig,El Chadaille Bitshiabu,3,2025,136,9629,D S,7,343,0,0.08506286144256592,0,0.08506286144256592,0,0.02890051156282425,1,1,0,0,1.0037321671843529,1.0037321671843529
GER-Bundesliga,2526,RasenBallsport Leipzig,Ezechiel Banzuzi,3,2025,136,13851,M S,19,369,0,0.7402108125388622,0,0.7402108125388622,1,0.3357979953289032,10,6,3,0,2.3735728953033686,1.690452741459012
GER-Bundesliga,2526,RasenBallsport Leipzig,Johan Bakayoko,3,2025,136,13850,F M S,14,684,2,1.7686516754329205,2,1.7686516754329205,0,0.9762161877006292,18,9,1,0,5.2099549770355225,2.665532149374485
GER-Bundesliga,2526,RasenBallsport Leipzig,Kevin Kampl,3,2025,136,188,S,3,3,0,0.0,0,0.0,0,0.0,0,0,0,0,0.0,0.0
GER-Bundesliga,2526,RasenBallsport Leipzig,Kosta Nedeljkovic,3,2025,136,12775,D S,5,251,0,0.0,0,0.0,0,0.0,0,0,0,0,0.3027626611292362,0.3027626611292362
GER-Bundesliga,2526,RasenBallsport Leipzig,Loïs Openda,3,2025,136,10832,F S,2,54,0,0.15504523739218712,0,0.15504523739218712,0,0.051909636706113815,3,1,0,0,0.5808013305068016,0.5808013305068016
GER-Bundesliga,2526,RasenBallsport Leipzig,Lukas Klostermann,3,2025,136,5358,S,4,4,0,0.04343457147479057,0,0.04343457147479057,0,0.03410864993929863,1,1,0,0,0.11440378800034523,0.03686056658625603
GER-Bundesliga,2526,RasenBallsport Leipzig,Maarten Vandevoordt,3,2025,136,12942,GK S,2,152,0,0.0,0,0.0,0,0.0,0,0,0,0,0.14591063559055328,0.14591063559055328
GER-Bundesliga,2526,RasenBallsport Leipzig,Max Finkgrafe,3,2025,136,11894,D S,6,123,0,0.09081710875034332,0,0.09081710875034332,0,0.029637476429343224,1,1,0,0,1.4116878863424063,1.320870777592063
GER-Bundesliga,2526,RasenBallsport Leipzig,Nicolas Seiwald,3,2025,136,11871,D M S,23,1965,0,1.2663196213543415,0,1.2663196213543415,2,1.2560729049146175,13,10,1,0,12.026129487901926,10.373690783977509
GER-Bundesliga,2526,RasenBallsport Leipzig,Péter Gulácsi,3,2025,136,5241,GK,22,1918,0,0.0,0,0.0,0,0.0,0,0,1,0,5.763753607869148,5.763753607869148
GER-Bundesliga,2526,RasenBallsport Leipzig,Rômulo,3,2025,136,13852,F M S,19,1452,6,9.59182034805417,6,9.59182034805417,3,2.8415477871894836,36,18,1,0,15.538997579365969,4.240487722679973
GER-Bundesliga,2526,RasenBallsport Leipzig,Samba Konate,3,2025,136,14223,S,1,1,0,0.0413617305457592,0,0.0413617305457592,0,0.0,1,0,0,0,0.0,0.0
GER-Bundesliga,2526,RasenBallsport Leipzig,Tidiam Gomis,3,2025,136,13442,F S,13,269,1,0.6109884418547153,1,0.6109884418547153,0,0.0914764404296875,9,2,0,0,1.0409546811133623,0.5582685191184282
GER-Bundesliga,2526,RasenBallsport Leipzig,Timo Werner,3,2025,136,65,S,3,11,0,0.0,0,0.0,0,0.0,0,0,0,0,0.04754505679011345,0.04754505679011345
GER-Bundesliga,2526,RasenBallsport Leipzig,Willi Orban,3,2025,136,5257,D,23,2052,1,2.7584732649847865,1,2.7584732649847865,0,0.5378690548241138,16,6,2,0,10.97664911299944,10.571545489132404
GER-Bundesliga,2526,RasenBallsport Leipzig,Xaver Schlager,3,2025,136,7783,M S,19,1302,2,1.5014927238225937,2,1.5014927238225937,1,1.9832140021026134,16,16,3,0,14.998476803302765,12.198633752763271
GER-Bundesliga,2526,RasenBallsport Leipzig,Xavi Simons,3,2025,136,8700,M,1,90,0,0.0,0,0.0,0,0.02922726608812809,0,1,0,0,0.25656625628471375,0.25656625628471375
GER-Bundesliga,2526,RasenBallsport Leipzig,Yan Diomande,3,2025,136,13561,F M S,22,1549,8,5.33090815320611,8,5.33090815320611,5,5.560839777812362,36,37,2,0,19.393356934189796,10.11525996029377
GER-Bundesliga,2526,St. Pauli,Abdoulie Ceesay,3,2025,288,13326,S,14,173,0,0.42852297611534595,0,0.42852297611534595,0,0.07074616849422455,4,1,2,0,0.7228618133813143,0.24322334676980972
GER-Bundesliga,2526,St. Pauli,Adam Dzwigala,3,2025,288,12984,D S,14,1005,1,0.11038838326931,1,0.11038838326931,1,0.1910289954394102,2,4,5,0,1.4802302103489637,1.3864069040864706
GER-Bundesliga,2526,St. Pauli,Andréas Hountondji,3,2025,288,13885,F M S,12,628,4,2.7965804650448263,4,2.038803847040981,0,0.1788578573614359,13,4,1,0,1.5341206658631563,0.016468748450279236
GER-Bundesliga,2526,St. Pauli,Arkadiusz Pyrka,3,2025,288,13882,D M S,20,1607,0,0.46302926167845726,0,0.46302926167845726,1,1.533410637639463,11,17,3,0,5.066388865932822,3.969336684793234
GER-Bundesliga,2526,St. Pauli,Connor Metcalfe,3,2025,288,12979,F S,14,239,0,0.5893149962648749,0,0.5893149962648749,1,0.4554727002978325,11,3,0,0,1.411494561471045,0.3987192567437887
GER-Bundesliga,2526,St. Pauli,Danel Sinani,3,2025,288,12983,F M S,20,1311,4,4.250165976583958,1,1.9768359437584877,3,2.5410167360678315,34,29,2,0,6.654329065233469,3.8987035378813744
GER-Bundesliga,2526,St. Pauli,Eric Smith,3,2025,288,12975,D M,20,1754,2,0.6892931740731001,2,0.6892931740731001,2,0.4310122225433588,10,11,3,1,4.925351094454527,4.806923879310489
GER-Bundesliga,2526,St. Pauli,Hauke Wahl,3,2025,288,5344,D,19,1666,2,0.380508734844625,2,0.380508734844625,0,0.10110197588801384,6,3,0,0,1.7697436660528183,1.750708132982254
GER-Bundesliga,2526,St. Pauli,Jackson Irvine,3,2025,288,12978,M S,14,721,0,0.5382466074079275,0,0.5382466074079275,0,0.5216774139553308,10,6,0,0,1.663549292832613,0.8316141553223133
GER-Bundesliga,2526,St. Pauli,James Sands,3,2025,288,13325,M S,22,1782,1,0.7609413210302591,1,0.7609413210302591,0,0.9242014698684216,15,9,4,0,4.316679242998362,3.115861823782325
GER-Bundesliga,2526,St. Pauli,Joel Chima Fujita,3,2025,288,13883,F M S,22,1870,1,0.8589632892981172,1,0.8589632892981172,3,4.051197450608015,23,24,3,0,7.223988125100732,3.082636831328273
GER-Bundesliga,2526,St. Pauli,Karol Mets,3,2025,288,12974,D S,17,1438,0,0.08314798353239894,0,0.08314798353239894,0,0.0834137536585331,3,2,2,0,2.1415357850492,2.1218778053298593
GER-Bundesliga,2526,St. Pauli,Lars Ritzka,3,2025,288,12977,D M S,12,478,0,0.06924870610237122,0,0.06924870610237122,0,0.016270270571112633,1,1,1,0,0.3560528950765729,0.27053391840308905
GER-Bundesliga,2526,St. Pauli,Louis Oppie,3,2025,288,13884,D M S,18,1396,1,1.0752846989780664,1,1.0752846989780664,0,0.5787495374679565,14,6,0,0,3.405476523563266,1.948101980611682
GER-Bundesliga,2526,St. Pauli,Manolis Saliakas,3,2025,288,12981,D M S,13,886,1,0.3727515656501055,1,0.3727515656501055,2,0.38982620323076844,12,8,2,0,2.1802632957696915,1.7425993457436562
GER-Bundesliga,2526,St. Pauli,Martijn Kaars,3,2025,288,13966,F S,20,987,3,3.0093431510031223,2,2.251566458493471,0,0.3168056672438979,20,6,1,0,3.6772115575149655,1.5073957182466984
GER-Bundesliga,2526,St. Pauli,Mathias Rasmussen,3,2025,288,14390,M S,5,283,0,0.14586110040545464,0,0.14586110040545464,0,0.06761769577860832,3,2,0,0,0.9901166744530201,0.834588248282671
GER-Bundesliga,2526,St. Pauli,Nikola Vasilj,3,2025,288,12973,GK,23,2070,0,0.0,0,0.0,0,0.0,0,0,0,0,1.9845742974430323,1.9845742974430323
GER-Bundesliga,2526,St. Pauli,Oladapo Afolayan,3,2025,288,12982,M S,7,135,0,0.526158856227994,0,0.526158856227994,0,0.08374877460300922,4,2,1,0,0.7736875526607037,0.16377991437911987
GER-Bundesliga,2526,St. Pauli,Pereira Lage,3,2025,288,7743,F M S,21,1479,0,3.4118477441370487,0,3.4118477441370487,2,1.5242417007684708,30,22,2,0,5.834534281864762,1.891849359497428
GER-Bundesliga,2526,St. Pauli,Ricky-Jade Jones,3,2025,288,14197,F S,8,332,2,2.837136209011078,2,2.837136209011078,0,0.7764502624049783,11,6,1,0,3.750943087041378,0.17614782229065895
GER-Bundesliga,2526,St. Pauli,Taichi Hara,3,2025,288,9776,S,2,21,0,0.2931467592716217,0,0.2931467592716217,0,0.0,1,0,0,0,0.2931467592716217,0.0
GER-Bundesliga,2526,St. Pauli,Tomoya Ando,3,2025,288,14345,D S,6,473,0,0.0,0,0.0,0,0.04850011691451073,0,2,0,0,1.3212462179362774,1.3212462179362774
GER-Bundesliga,2526,Union Berlin,Alex Kral,3,2025,240,8017,M S,14,219,0,0.1498030386865139,0,0.1498030386865139,0,0.272127328440547,3,4,1,0,0.559641296043992,0.2309590633958578
GER-Bundesliga,2526,Union Berlin,Aljoscha Kemlein,3,2025,240,11236,M S,21,1396,0,0.8880526106804609,0,0.8880526106804609,1,0.9613908436149359,12,9,3,0,4.650520546361804,3.2800162602216005
GER-Bundesliga,2526,Union Berlin,Andras Schafer,3,2025,240,7410,M S,19,881,1,1.2450609812512994,1,1.2450609812512994,0,0.203364759683609,19,3,2,0,3.028070345520973,1.7958438154309988
GER-Bundesliga,2526,Union Berlin,Andrej Ilic,3,2025,240,12421,F S,22,1478,1,7.439582919701934,1,6.681806242093444,7,3.5817734133452177,46,22,5,0,9.616624584421515,1.5187868028879166
GER-Bundesliga,2526,Union Berlin,Christopher Trimmel,3,2025,240,7875,D S,20,1361,0,0.04318304359912872,0,0.04318304359912872,2,3.1233262978494167,3,38,6,0,3.569910105317831,2.7858481258153915
GER-Bundesliga,2526,Union Berlin,Danilho Doekhi,3,2025,240,10725,D,23,2070,4,3.3989020492881536,4,3.3989020492881536,0,0.5225567277520895,31,6,3,0,3.1067912615835667,2.304871190339327
GER-Bundesliga,2526,Union Berlin,Derrick Köhn,3,2025,240,13093,D S,21,1345,0,0.932931243441999,0,0.932931243441999,1,2.066029444336891,17,18,3,1,3.1304465606808662,2.1970705687999725
GER-Bundesliga,2526,Union Berlin,Diogo Leite,3,2025,240,10724,D,16,1387,0,0.7088444493710995,0,0.7088444493710995,0,0.2034413367509842,9,3,2,0,2.30602696351707,2.183158976957202
GER-Bundesliga,2526,Union Berlin,Frederik Rönnow,3,2025,240,7048,GK,23,2070,0,0.0,0,0.0,0,0.018664758652448654,0,1,2,0,1.6325544249266386,1.61388966627419
GER-Bundesliga,2526,Union Berlin,Ilyas Ansah,3,2025,240,13866,F M S,23,1481,5,3.0925095668062568,5,3.0925095668062568,1,1.3081056289374828,24,14,0,0,5.530622867867351,2.638851046562195
GER-Bundesliga,2526,Union Berlin,Janik Haberer,3,2025,240,4271,D M S,20,1117,0,0.6026854068040848,0,0.6026854068040848,1,1.2551482021808624,10,17,7,0,1.9761100597679615,1.0570816807448864
GER-Bundesliga,2526,Union Berlin,Josip Juranovic,3,2025,240,11333,D S,5,172,0,0.07852633018046618,0,0.07852633018046618,0,0.840107649564743,3,9,1,0,0.37133966758847237,0.21809560805559158
GER-Bundesliga,2526,Union Berlin,Leopold Querfeld,3,2025,240,12920,D,23,2070,2,3.4351704539731145,0,1.161840376444161,0,2.0385183691978455,24,17,5,0,3.6448335787281394,2.8939165510237217
GER-Bundesliga,2526,Union Berlin,Livan Burcu,3,2025,240,14177,F M S,9,259,0,1.5424206107854843,0,1.5424206107854843,0,0.2820042334496975,10,5,1,0,1.7093539908528328,0.7281265780329704
GER-Bundesliga,2526,Union Berlin,Marin Ljubicic,3,2025,240,13428,S,2,11,2,1.5059347748756409,2,1.5059347748756409,0,0.0,2,0,0,0,0.6139925122261047,0.0
GER-Bundesliga,2526,Union Berlin,Oliver Burke,3,2025,240,5256,F M S,20,1021,4,4.221441814675927,4,4.221441814675927,1,1.6330705657601357,24,15,2,0,6.6929071843624115,1.688432663679123
GER-Bundesliga,2526,Union Berlin,Rani Khedira,3,2025,240,5251,M,22,1954,5,2.0138985700905323,5,2.0138985700905323,0,1.6217375006526709,17,12,5,0,5.67798575758934,2.8169978857040405
GER-Bundesliga,2526,Union Berlin,Robert Skov,3,2025,240,7867,D,3,236,0,0.032468199729919434,0,0.032468199729919434,0,0.08000954240560532,1,1,0,0,0.3229803517460823,0.2905121520161629
GER-Bundesliga,2526,Union Berlin,Stanley N'Soki,3,2025,240,6436,D S,8,449,1,0.11393113434314728,1,0.11393113434314728,1,0.10263317078351974,2,1,2,0,0.8767539486289024,0.8767539486289024
GER-Bundesliga,2526,Union Berlin,Tim Skarke,3,2025,240,10926,M S,14,351,1,0.7871587155386806,1,0.7871587155386806,0,0.22502286732196808,11,5,0,0,1.6093231281265616,0.6663845106959343
GER-Bundesliga,2526,Union Berlin,Tom Rothe,3,2025,240,10550,D S,12,524,1,1.2419252768158913,1,1.2419252768158913,0,0.5258037000894547,11,4,1,1,0.723926804959774,0.33448604494333267
GER-Bundesliga,2526,Union Berlin,Woo-Yeong Jeong,3,2025,240,7267,F M S,21,920,2,1.6209803335368633,2,1.6209803335368633,1,0.4271412957459688,15,6,0,0,3.0086282193660736,1.3293932676315308
GER-Bundesliga,2526,VfB Stuttgart,Alexander Nübel,3,2025,133,2639,GK,23,2070,0,0.0,0,0.0,1,0.2837728001177311,0,3,0,0,5.396515307947993,5.302169723436236
GER-Bundesliga,2526,VfB Stuttgart,Ameen Al Dakhil,3,2025,133,11699,D S,7,348,0,0.06256280839443207,0,0.06256280839443207,0,0.08149907365441322,1,2,1,0,0.6032575815916061,0.5883240699768066
GER-Bundesliga,2526,VfB Stuttgart,Angelo Stiller,3,2025,133,9725,M S,23,1784,1,2.3395249396562576,1,1.5817482322454453,5,3.669839064590633,8,35,1,0,12.278892148286104,9.223304633051157
GER-Bundesliga,2526,VfB Stuttgart,Atakan Karazor,3,2025,133,8878,M S,21,1372,0,0.9263288211077452,0,0.9263288211077452,0,1.5590059328824282,5,11,3,0,9.980787120759487,7.677957940846682
GER-Bundesliga,2526,VfB Stuttgart,Badredine Bouanani,3,2025,133,11062,F M S,12,439,0,0.8921055234968662,0,0.8921055234968662,0,0.5685664489865303,13,5,1,0,3.8350113332271576,2.715110842138529
GER-Bundesliga,2526,VfB Stuttgart,Bilal El Khannouss,3,2025,133,13020,F M S,17,1195,3,1.549389754422009,3,1.549389754422009,3,3.7086054272949696,27,34,4,0,7.843825418502092,3.879730684682727
GER-Bundesliga,2526,VfB Stuttgart,Chema Andres,3,2025,133,13078,M S,17,857,1,0.9713077396154404,1,0.9713077396154404,0,0.3122939420863986,10,9,2,0,4.536439774557948,3.91104169562459
GER-Bundesliga,2526,VfB Stuttgart,Chris Führich,3,2025,133,6449,F M S,22,919,4,1.6249205358326435,4,1.6249205358326435,3,4.022595357149839,19,24,1,0,9.029073245823383,5.490691252052784
GER-Bundesliga,2526,VfB Stuttgart,Dan-Axel Zagadou,3,2025,133,6103,D,2,168,0,0.26282281428575516,0,0.26282281428575516,0,0.0886286199092865,5,1,0,0,0.27376653254032135,0.08412973769009113
GER-Bundesliga,2526,VfB Stuttgart,Deniz Undav,3,2025,133,10804,F M S,19,1393,13,12.045077096670866,13,12.045077096670866,3,2.760711643844843,83,19,4,0,18.013120710849762,4.762813446111977
GER-Bundesliga,2526,VfB Stuttgart,Ermedin Demirovic,3,2025,133,6496,F S,14,927,7,5.030739180743694,6,4.272962503135204,1,0.8047635816037655,19,8,4,0,5.8363819271326065,1.5008918233215809
GER-Bundesliga,2526,VfB Stuttgart,Finn Jeltsch,3,2025,133,13426,D S,16,1077,0,0.19509844854474068,0,0.19509844854474068,1,0.10187679901719093,3,5,3,0,4.238060973584652,4.0807337537407875
GER-Bundesliga,2526,VfB Stuttgart,Jamie Leweling,3,2025,133,9718,D M S,22,1597,5,2.882967710494995,5,2.882967710494995,6,3.9793046414852142,35,31,4,0,10.600900005549192,5.046150948852301
GER-Bundesliga,2526,VfB Stuttgart,Jeremy Arévalo,3,2025,133,14338,S,3,13,0,0.11648517102003098,0,0.11648517102003098,1,0.062080275267362595,2,1,0,0,0.17856544256210327,0.0
GER-Bundesliga,2526,VfB Stuttgart,Joshua Vagnoman,3,2025,133,6626,D M S,21,1422,1,3.556872447952628,1,3.556872447952628,3,2.121924228966236,19,16,3,0,7.548987561836839,3.170874636620283
GER-Bundesliga,2526,VfB Stuttgart,Julian Chabot,3,2025,133,7937,D S,19,1619,0,1.0207440545782447,0,1.0207440545782447,0,0.19320041127502918,14,4,2,0,8.76708398386836,8.545912440866232
GER-Bundesliga,2526,VfB Stuttgart,Lazar Jovanovic,3,2025,133,13868,S,3,23,0,0.0999414473772049,0,0.0999414473772049,0,0.09531611576676369,1,2,0,0,0.19525755941867828,0.0
GER-Bundesliga,2526,VfB Stuttgart,Lorenz Assignon,3,2025,133,8973,D S,15,686,0,0.5734820263460279,0,0.5734820263460279,0,0.4895924776792526,10,4,2,1,2.87581610865891,2.068031921982765
GER-Bundesliga,2526,VfB Stuttgart,Luca Jaquez,3,2025,133,13425,D S,6,418,0,0.11304950062185526,0,0.11304950062185526,1,0.42458663135766983,2,4,1,0,1.9514128863811493,1.513208296149969
GER-Bundesliga,2526,VfB Stuttgart,Maximilian Mittelstädt,3,2025,133,419,D M S,22,1518,4,3.389159120619297,1,1.1158290710300207,3,3.950218603014946,21,25,3,0,11.098658367991447,8.26798397488892
GER-Bundesliga,2526,VfB Stuttgart,Nick Woltemade,3,2025,133,8117,M,1,90,0,0.0,0,0.0,0,0.34767159819602966,0,1,0,0,0.5924015045166016,0.2447298914194107
GER-Bundesliga,2526,VfB Stuttgart,Nikolas Nartey,3,2025,133,6415,F M S,19,841,1,2.7086781430989504,1,2.7086781430989504,1,2.275653451681137,15,17,1,0,8.424314677715302,3.761186210438609
GER-Bundesliga,2526,VfB Stuttgart,Pascal Stenzel,3,2025,133,326,D,2,114,0,0.15920219477266073,0,0.15920219477266073,0,0.0,3,0,2,0,0.2664077952504158,0.11815702170133591
GER-Bundesliga,2526,VfB Stuttgart,Ramon Hendriks,3,2025,133,12927,D S,20,1229,0,0.06360262259840965,0,0.06360262259840965,2,0.5049298442900181,3,4,2,0,5.03400082141161,4.925334610044956
GER-Bundesliga,2526,VfB Stuttgart,Tiago Tomás,3,2025,133,10367,M S,16,676,3,3.538060247898102,3,3.538060247898102,0,0.6995905749499798,26,8,2,0,4.810572601854801,1.2145543973892927
GER-Bundesliga,2526,Werder Bremen,Amos Pieper,3,2025,123,7320,D,12,963,0,0.3870185147970915,0,0.3870185147970915,0,0.06971349939703941,8,2,3,0,1.5727646313607693,1.5390255972743034
GER-Bundesliga,2526,Werder Bremen,Cameron Puertas,3,2025,123,14058,F M S,18,1028,0,1.3109895437955856,0,1.3109895437955856,0,1.2324785701930523,21,10,4,0,3.39735721424222,2.137619351968169
GER-Bundesliga,2526,Werder Bremen,Felix Agu,3,2025,123,8804,D M S,8,583,0,0.08192805992439389,0,0.08192805992439389,0,0.39447070844471455,2,6,1,0,1.1533972900360823,0.8871688898652792
GER-Bundesliga,2526,Werder Bremen,Isaac Schmidt,3,2025,123,13974,D S,14,518,1,0.5034690070897341,1,0.5034690070897341,0,0.4418418137356639,4,8,2,0,2.4430599361658096,1.6769973374903202
GER-Bundesliga,2526,Werder Bremen,Isak Hansen-Aaröen,3,2025,123,12431,S,1,1,0,0.0,0,0.0,0,0.0,0,0,0,0,0.0,0.0
GER-Bundesliga,2526,Werder Bremen,Jens Stage,3,2025,123,10734,M,21,1809,6,3.189944788813591,6,3.189944788813591,1,3.029886471107602,37,18,4,0,7.790730103850365,3.21358348056674
GER-Bundesliga,2526,Werder Bremen,Jovan Milosevic,3,2025,123,11840,F S,7,210,2,1.2568718791007996,2,1.2568718791007996,0,0.0,7,0,2,0,1.4571336023509502,0.35807545483112335
GER-Bundesliga,2526,Werder Bremen,Julián Malatini,3,2025,123,12360,D S,8,412,0,0.02844528667628765,0,0.02844528667628765,0,0.1550656594336033,2,2,2,0,0.9986067321151495,0.9388791136443615
GER-Bundesliga,2526,Werder Bremen,Justin Njinmah,3,2025,123,10585,D F M S,22,1324,4,4.4636847618967295,4,4.4636847618967295,0,0.872557558119297,38,11,1,0,6.285334352403879,0.9670318653807044
GER-Bundesliga,2526,Werder Bremen,Karim Coulibaly,3,2025,123,13496,D S,21,1741,1,1.1301267184317112,1,1.1301267184317112,0,0.1730191968381405,6,6,3,1,3.6419133339077234,3.427487688139081
GER-Bundesliga,2526,Werder Bremen,Karl Hein,3,2025,123,9692,GK,2,180,0,0.0,0,0.0,0,0.0,0,0,0,0,0.270400308072567,0.270400308072567
GER-Bundesliga,2526,Werder Bremen,Keke Maximilian Topp,3,2025,123,11314,F S,17,499,1,1.3754360526800156,1,1.3754360526800156,1,0.8043465055525303,19,7,3,0,3.1288737282156944,1.1764479484409094
GER-Bundesliga,2526,Werder Bremen,Leonardo Bittencourt,3,2025,123,262,M S,9,202,0,0.020645244978368282,0,0.020645244978368282,0,0.1779962908476591,2,2,2,0,1.179537070915103,1.154469221830368
GER-Bundesliga,2526,Werder Bremen,Marco Friedl,3,2025,123,5340,D,21,1855,1,0.729124104604125,1,0.729124104604125,0,0.2931987326592207,8,5,7,0,4.340988468378782,4.1024957485497
GER-Bundesliga,2526,Werder Bremen,Marco Grüll,3,2025,123,12924,F M S,23,1492,2,2.7887072917073965,2,2.7887072917073965,1,1.7403733469545841,34,28,4,0,7.028684167191386,4.370032529346645
GER-Bundesliga,2526,Werder Bremen,Mio Backhaus,3,2025,123,12925,GK,21,1890,0,0.0,0,0.0,0,0.0,0,0,0,0,1.8552045496180654,1.8552045496180654
GER-Bundesliga,2526,Werder Bremen,Niklas Stark,3,2025,123,418,D S,9,449,0,0.5795709788799286,0,0.5795709788799286,0,0.0,3,0,3,2,0.37146822176873684,0.32431682012975216
GER-Bundesliga,2526,Werder Bremen,Olivier Deman,3,2025,123,12028,D S,5,261,0,0.16815291717648506,0,0.16815291717648506,1,0.45835182070732117,3,7,1,0,0.751252755522728,0.48254550993442535
GER-Bundesliga,2526,Werder Bremen,Patrice Covic,3,2025,123,13291,M S,11,246,0,0.4799690619111061,0,0.4799690619111061,0,0.8966681715101004,3,3,1,0,1.7972218748182058,0.9988305773586035
GER-Bundesliga,2526,Werder Bremen,Romano Schmid,3,2025,123,9069,F M,23,2029,2,5.1118383416906,0,2.83850830886513,5,6.538820691406727,37,60,4,0,10.558549277484417,4.91535147279501
GER-Bundesliga,2526,Werder Bremen,Samuel Mbangula,3,2025,123,12904,F M S,20,990,3,1.7021509390324354,3,1.7021509390324354,2,1.0369327440857887,15,14,0,0,3.949434280395508,1.5974660031497478
GER-Bundesliga,2526,Werder Bremen,Senne Lynen,3,2025,123,11835,D M,22,1956,0,0.6801605997607112,0,0.6801605997607112,0,0.4234511349350214,17,8,4,0,5.615045058541,4.916570297442377
GER-Bundesliga,2526,Werder Bremen,Skelly Alvero,3,2025,123,12013,S,2,23,0,0.0,0,0.0,0,0.0,0,0,0,0,0.07283493131399155,0.07283493131399155
GER-Bundesliga,2526,Werder Bremen,Victor Boniface,3,2025,123,11867,F S,11,309,0,0.908873425796628,0,0.908873425796628,2,1.0533378049731255,16,7,1,0,2.354151902720332,0.713976114988327
GER-Bundesliga,2526,Werder Bremen,Yukinari Sugawara,3,2025,123,12761,D S,21,1760,0,1.4615083215758204,0,1.4615083215758204,4,1.344853151589632,25,12,1,0,5.387804548256099,3.7843419080600142
GER-Bundesliga,2526,Wolfsburg,Aaron Zehnter,3,2025,131,10863,D S,16,1216,2,0.9841702813282609,2,0.9841702813282609,0,0.972286332398653,8,15,0,0,4.506859140470624,2.7301728054881096
GER-Bundesliga,2526,Wolfsburg,Adam Daghim,3,2025,131,14024,M S,17,930,2,1.3289614841341972,2,1.3289614841341972,2,2.1903138421475887,17,12,1,0,6.4708148166537285,3.1601649671792984
GER-Bundesliga,2526,Wolfsburg,Andreas Skov Olsen,3,2025,131,7934,M S,8,365,1,0.19574299361556768,1,0.19574299361556768,0,0.8937978446483612,7,7,1,0,2.4187796115875244,1.530781688168645
GER-Bundesliga,2526,Wolfsburg,Bence Dárdai,3,2025,131,12965,S,1,31,0,0.0,0,0.0,0,0.012427224777638912,0,1,0,0,0.012427224777638912,0.0
GER-Bundesliga,2526,Wolfsburg,Christian Eriksen,3,2025,131,646,M S,20,1496,1,2.3244246849790215,0,1.5666480669751763,5,3.7174080284312367,23,32,3,0,8.853284552693367,5.6809356939047575
GER-Bundesliga,2526,Wolfsburg,Denis Vavro,3,2025,131,7940,D S,10,548,1,1.2191346790641546,1,1.2191346790641546,0,0.07534658163785934,6,2,1,0,0.20661127846688032,0.08957265596836805
GER-Bundesliga,2526,Wolfsburg,Dzenan Pejcinovic,3,2025,131,11227,F S,20,793,5,4.515467726625502,5,4.515467726625502,0,0.4064747169613838,27,4,1,0,4.826656405813992,0.6520270556211472
GER-Bundesliga,2526,Wolfsburg,Jan Bürger,3,2025,131,13634,D S,6,181,0,0.026138098910450935,0,0.026138098910450935,0,0.1284901462495327,1,2,0,0,1.020152997225523,0.9940148964524269
GER-Bundesliga,2526,Wolfsburg,Jenson Seelt,3,2025,131,13714,D S,9,681,0,0.10756358131766319,0,0.10756358131766319,0,0.0,2,0,0,0,1.855355310253799,1.855355310253799
GER-Bundesliga,2526,Wolfsburg,Jesper Lindstrom,3,2025,131,9752,S,6,72,0,0.27920037880539894,0,0.27920037880539894,0,0.32608336582779884,4,3,1,0,0.8578579220920801,0.31514194421470165
GER-Bundesliga,2526,Wolfsburg,Joakim Maehle,3,2025,131,9233,D M S,7,426,0,0.25609567388892174,0,0.25609567388892174,1,1.2376080956310034,6,6,0,0,2.1968038687482476,1.353231593966484
GER-Bundesliga,2526,Wolfsburg,Jonas Adjetey,3,2025,131,14419,S,2,2,0,0.012852858752012253,0,0.012852858752012253,0,0.0,1,0,0,0,0.012852858752012253,0.0
GER-Bundesliga,2526,Wolfsburg,Jonas Wind,3,2025,131,10394,F S,8,295,0,0.79832549020648,0,0.79832549020648,0,0.2141130343079567,6,4,1,0,1.2379195280373096,0.28718556836247444
GER-Bundesliga,2526,Wolfsburg,Kamil Grabara,3,2025,131,12964,GK,23,2070,0,0.03640927001833916,0,0.03640927001833916,0,0.04049020633101463,1,3,1,0,2.990445558913052,2.949955351650715
GER-Bundesliga,2526,Wolfsburg,Kento Shiogai,3,2025,131,14371,M S,5,195,1,1.257424533367157,1,1.257424533367157,0,0.0,4,0,1,0,1.5643069632351398,0.30688242986798286
GER-Bundesliga,2526,Wolfsburg,Kevin Paredes,3,2025,131,10395,M S,5,145,0,0.06398154236376286,0,0.06398154236376286,0,0.04308099299669266,2,1,1,0,0.6420955136418343,0.535032982006669
GER-Bundesliga,2526,Wolfsburg,Kilian Fischer,3,2025,131,11031,D S,11,801,0,0.08712375164031982,0,0.08712375164031982,0,0.4677412435412407,2,3,0,0,1.9711496345698833,1.804927940480411
GER-Bundesliga,2526,Wolfsburg,Konstantinos Koulierakis,3,2025,131,13063,D S,19,1576,1,2.129984287545085,1,2.129984287545085,0,0.7896478259935975,17,5,3,0,5.001814167946577,4.704399173147976
GER-Bundesliga,2526,Wolfsburg,Lovro Majer,3,2025,131,9931,M S,21,1222,2,2.9454751620069146,2,2.9454751620069146,3,2.536715382710099,21,19,4,0,6.766842443495989,2.378821659833193
GER-Bundesliga,2526,Wolfsburg,Mattias Svanberg,3,2025,131,6974,M S,20,708,3,2.22151755169034,3,2.22151755169034,1,0.8542640991508961,17,6,3,1,3.885388806462288,2.010549733415246
GER-Bundesliga,2526,Wolfsburg,Maximilian Arnold,3,2025,131,153,M,20,1800,1,0.28789658937603235,1,0.28789658937603235,4,4.224334646016359,11,28,5,0,4.640103403478861,3.8401487478986382
GER-Bundesliga,2526,Wolfsburg,Mohammed Amoura,3,2025,131,13062,F M S,20,1392,8,7.761115715838969,7,7.003339038230479,3,3.7336317785084248,46,21,2,0,11.449442401528358,3.1498454120010138
GER-Bundesliga,2526,Wolfsburg,Moritz Jenz,3,2025,131,9943,D,15,1350,1,0.6638292074203491,1,0.6638292074203491,0,0.06816104240715504,5,2,5,0,2.3601275188848376,2.2919664764776826
GER-Bundesliga,2526,Wolfsburg,Patrick Wimmer,3,2025,131,9730,M S,17,1198,3,2.470255134627223,3,2.470255134627223,3,0.6412104349583387,15,7,4,0,4.851628598757088,2.5517651764675975
GER-Bundesliga,2526,Wolfsburg,Pharell Hensel,3,2025,131,14174,S,4,4,0,0.0,0,0.0,0,0.0,0,0,0,0,0.0,0.0
GER-Bundesliga,2526,Wolfsburg,Sael Kumbedi,3,2025,131,11157,D S,16,1178,0,0.07260293792933226,0,0.07260293792933226,5,2.200228665024042,3,11,2,0,4.169909141026437,3.109677454456687
GER-Bundesliga,2526,Wolfsburg,Vinicius Souza,3,2025,131,10872,M S,14,933,0,0.04767708946019411,0,0.04767708946019411,0,0.05738056730479002,3,3,2,0,2.395631220191717,2.29057358764112
GER-Bundesliga,2526,Wolfsburg,Václav Cerny,3,2025,131,11851,S,2,40,0,0.07103131711483002,0,0.07103131711483002,0,0.0,1,0,0,0,0.09345263987779617,0.022421324625611305
GER-Bundesliga,2526,Wolfsburg,Yannick Gerhardt,3,2025,131,140,D M S,12,871,1,0.9932252615690231,1,0.9932252615690231,0,0.31523945927619934,9,5,1,0,1.6060187742114067,0.9609552565962076
